0.0283618,0.10030227,0.00689265,0.00197913,0,0,0,0,0.13126435,0.0419801,0.20929141,0.05536084,0.01408937,8.37e-006,7.18e-006,0,0.00027761,1.081e-005,0,0,0,0,0.00085489,0,0.00128065,0.00240508,0.00032167,0,0.0004887,0,0.044827,0,0,0,0,0.00049863,0,0,0,0,0,5.292e-005,0,0,0,0,0,0,0,0,0,0,0,0,0,0,0,0,0,0,0,0,0.00572818,0.00072205,8.55e-006,0.002893,0.00175133,0,0,0,0,8.726e-005,0,4.3e-006,7.6e-007,0,0,0,0,0,0,0.00022885,0,0,0,0,3.926e-005,0.00011051,0,0.002735,0.00170237,0,8.025999999999999e-005,0,1.17e-006,0.00220777,0.01814359,0.01693121,6.661e-005,0.00536007,0,0
0.00782862,0.1089801,0.00377021,0.00021675,0,0,0,0,0.08755357,0,0.00684556,0,0.00243857,0.00045597,0,0,0,0,0,0.00063298,0,0,0,0,0,1.459e-005,0,0,0,0,0,0.00534626,0,0,1.36e-006,0,0,0,0,0,0,0,0,0,0,0,0,0,0,0,0,0,0,0,0,0,0,0,0,0,0,0,8.989e-005,0,0,0,0,0,0,0,0,0,0,0,0,0,0,0,0,0,0,2.943e-005,0,0,0,0,2.44e-006,2.25e-006,0.00171013,0.00050176,0,0,0,0,0,2.99e-006,0.00532591,0.00322034,0,0.00013989,0,0
0.06728136,0.04265643,0,0,0,0,0,0,0,0,0,0,0,0,0,0,0,0,0,0,0,0,0,0,0,0,0,0,0,0,0,0,0,0,0,0,0,0,0,0,0,0,0,0,0,0,0,0,0,0,0,0,0,0,0,0,0,0,0,0,0,0,0,0,0,0,0,0,0,0,0,0,0,0,0,0,0,0,0,0,0,0,0,0,0,0,0,0.00039336,0,0,0,0,0,0,0,0.00149924,0,0,0,0,0,0
0.00015314,0,0,0.10340512,0.00011489,0.00369283,0.00010314,0.00269982,0.00084156,0,0.00102892,0,1.425e-005,0,0.1628856,1.363e-005,0.000882,3.3e-006,0,0,0.0007195,0,0,0,0,0,0.00077372,0,0,0,0,0.00254914,0,0,1.36e-006,0,0,0,1.05e-006,0,0,0,0,0,0,0,0,0,0,0,0,0,0,0,0,0,0,0,0,2.337e-005,0,0,0.00037253,3.936e-005,5.241e-005,0.00022017,0.00012604,0,0,0,0,0,0,0,0,0,0,0,0,0,0,0,0,0,0,0,4.72e-006,0,0,8.941999999999999e-005,0,0,0,0,0,0,0.00158188,0.00156075,0,7.209e-005,0,0
0,0,0,0,0.04691125,0,0,0,0.0428842,0,0.00113303,0,3.33e-006,0,0,0,0,0,0,0.00012272,0,0,0,0,0,0.00010893,0,0,0,0,0,0,0,0,0,0,0,0,0,0,0,0,0,0,0,0,0,0,0,0,0,0,0,0,0,0,0,0,0,0,0,0,0.00923644,0,0,0,0,0,0,0,0,0,0,0,0,0,0,0,0,0,0,2.562e-005,0,0,0,0,9.109999999999999e-006,0,0,0.00116355,0,0,0,0,0,2.264e-005,0.01094524,0.00849306,0,0.0003933,0,0
0,0,0,0,0,0,0,0,0,0,0,0,0,0,0,0,0,0,0,0.00026159,0.01979126,0,0,7.224999999999999e-005,0,0,0,0,0,0,0,0,1.519e-005,2.001e-005,0.0003571,0.00256611,0.0949837,0,0,0,0.42226178,0,0,0,0,0,0,0,0,0,0,0,0,0,0,0,0,0,0,0,0,0,0,0,0,0,0,0,0,0,0,0,0,0,0,0,0,0,0,0,0,0,0,0,0,0,0,0,0,0,0,0,0,0,0,0,0,0,0,0,0,0
0,0,0,0.0004934,0,0,0.00335252,0,0,0,0,0,4.75e-006,0,8e-007,0,0.00258219,1.081e-005,0,0.01206208,0.01148366,-2.427e-005,0.00054973,0,0,0.0001017,0.00028495,-0.00134254,0.01508402,0,0.00035589,4.203e-005,0.04921476,0.07390448,0.03198868,0.0517543,-0.00044315,0,0.0005092500000000001,0,0.00098062,4.558e-005,6.376999999999999e-005,4.084e-005,0,2.3e-007,0.00027044,0,0,0,0,0,0,0,0,0,0,0,0,0,0,1.155e-005,0.00222107,0.00197068,0.00023389,0.01915729,0.0179995,-1.356e-005,0,0,0,0,0,0,0,0,0,0,0,0,0,0,0,0,0,0,1.033e-005,0,0,0,0,0,0,0,0,2.284e-005,-4.964e-005,-5.003e-005,0,0,0,0.00017139
0,0,0,0,0,0,0,0.00102463,0,0,0,2.671e-005,1.283e-005,0,0,0,0.00845959,5.437e-005,0,0.0605171,0.00097029,0.00032166,0.00642465,0.00151239,0.008107440000000001,2.347e-005,0.00011519,0.60873795,0.45542241,1.6e-006,9.297e-005,0,0.00253723,0.01273928,0.00580485,0.00466104,0.02374639,0.0026002,0.00065498,1.049e-005,0.00096808,0.00010797,2.718e-005,1.741e-005,1.887e-005,1.587e-005,1.753e-005,0,3.282e-005,0,1.199e-005,0,0,1.711e-005,0,2.853e-005,2.189e-005,0,0.00011477,0,0,0,0,0,9.900000000000001e-007,0,0,0.14774199,0.33696362,8.8e-007,6.43e-005,1.8e-007,0,0,0,8.72e-006,0,0,0,0,0,0,0,0,0,0,8e-007,3.38e-005,0.00032912,8.13e-006,0,0,0,5.5e-007,8.960000000000001e-006,1.6e-006,4.49e-006,3.096e-005,4.956e-005,1.594e-005,0,0.00016459
0,0.0096209,0,0.00831377,0.04395318,0,0,0,0.17381517,0.04896616,0.21527463,7.97e-005,0.00029882,0.00550736,0.00014329,0,0.0046485,2.944e-005,0,0.00011626,0.00026262,0,0.00489811,0.00015819,0,0.00916701,0.00457479,4.08e-006,0,8.199000000000001e-005,1.33e-006,0.04723997,8.064e-005,0,0.00065286,0.00166812,0,0,1.157e-005,0,0,0,0,0,0,0,0,0,0,0,0,0,0,0,0,0,0,0,0,0,0,0,0.00025021,0,0,0,0,0,0,0,0,0,0,0,0,0,0,0,0,0,0,0.0005785,0,0,0,9.599999999999999e-007,0.00023116,2.044e-005,0,0.01212118,0.00129049,0,0,0,0,0,0.14568845,0.08375257999999999,0,0.00388066,0,0.00082698
0,0.0002602,0,0,0.01217264,0,0,0,0.00128361,0.03996113,0,0,0,0,0,0,0,0,0,0,0,0,7.869999999999999e-006,0,0,0.00014473,1.92e-006,0,0,0,0,0,0,0,0,0,0,0,0,0,0,0,0,0,0,0,0,0,0,0,0,0,0,0,0,0,0,0,0,0,0,0,0,0,0,0,0,0,0,0,0,0.00012681,0,0,0,0,0,0,0,0,0,0.00068349,0,0,0,2.7e-007,1.443e-005,0,0,0.00190994,0,0,0,0,1.672e-005,5e-007,0.07229024000000001,0.03247297,0,0.00157014,0,0.00164566
0.01933281,0.31146715,0.02597998,8.591e-005,0.01526487,0,0,0,-6.185999999999999e-005,0,0.09428618,0,-1.425e-005,0,0,0,0,0,0,0.00034232,0,0,0,0,0,0,0,0,0,0,0,0,0,0,0,0,0,0,0,0,0,0,0,0,0,0,0,0,0,0,0,0,0,0,0,0,0,0,0,0,0,0,0,0,0,0,0,0,0,0,0,2.8e-005,0,0,0,0,0,0,0,0,0,0,0,0,0,0,8e-008,0.00016531,0.00199887,3.631e-005,0,0,0,0,0,0.00091261,0,0,0,0,0,0
0,0,0,0,0,0,0,0,0,0,0,0,0,0,0,0,0,0,0,0,0,0,0,0,0,0,0,0,0,0,0,0,0,0,0,0,0,0,0,0,0,0,0,0,0,0,0,0,0,0,0,0,0,0,0,0,0,0,0,0,0,0,0,0,0,0,0,0,0,0,0,0,0,0,0,0,0,0,0,0,0,0,0,0,0,0,0,0,0,0,0,0,0,0,0,0,0,0,0,0,0,4.757e-005
7.711999999999999e-005,2.344e-005,0.0018488,0.00315589,0.009700230000000001,0,1.738e-005,0,1.86e-006,0.00011059,0,0.00015134,0.22767564,0.27640381,0.00025585,0.0072318,0.00315729,0.009952870000000001,0.00046379,0.00175683,0,0,0,0,0.01103176,3e-007,2.566e-005,6e-008,0,0.00064851,0.01443705,0.03069474,0.00194646,9.670000000000001e-006,0,0.00178489,0,0,2.473e-005,0,0,0.00088888,0.00015813,0.00029586,0.00016517,0.00067334,1.908e-005,0,0,0,0.00194534,0.00473688,0.00042168,0,0.00246241,0.00094022,0.00318765,0.00103321,0.00066796,0.00250255,0.00073275,0.00032557,0.00372465,0.00187906,0.00253484,4.029e-005,2.96e-005,6e-008,0,0.00014195,3.869e-005,0.00028638,9.449999999999999e-006,1.63e-006,4e-007,0.00035066,5.311e-005,0.00214702,7.638e-005,0.00048391,0.00033368,0.00063517,4.1e-006,6.25e-006,0.00036804,0.00025481,9.679e-005,1.249e-005,0.0002984,0.00136156,6.838000000000001e-005,0,0.00020787,9.56e-006,0.0003129,0.00212079,5.700000000000001e-007,0.00067177,0.00022493,0.00041194,0.01769458,0.00508872
0.00312649,0.00065909,0.00085178,0.00043508,0.00779484,0.00057839,0.00491579,0.00296005,0.00132601,0.0010639,0.00026279,0.00024714,0.00265378,0.01616215,0.00186399,0.00203034,0.00134104,0.00184735,0.00034038,0.00345231,0.00050005,4.17e-005,0.00037674,0.00042663,0.00039327,0.0010059,0.0007485,1.187e-005,0.00281587,0.00031527,0.0009130400000000001,0.00288328,0.00347978,0.00109432,0.00321522,0.00251064,0.00011145,0.0004564,0.00173188,0.00063918,0.00027918,0.00108029,0.00097596,0.00113569,0.00110116,0.00067124,0.00198302,0.00087986,0.00276774,0.00114471,0.00087664,0.00182179,0.00150965,0.00115308,0.00352269,0.00157861,0.00035872,0.00014453,0.00038648,0.00098233,0.00061192,0.00115669,0.00479939,0.00165666,0.00223187,0.00122856,0.00135807,0.00015725,0.00038842,0.00056954,0.00233512,0.00324169,0.00159161,0.00016435,3.06e-006,0.00181974,0.00125547,0.00233655,0.00219137,0.00044975,0.00088716,0.0016582,0.00061783,0.00103033,0.00186416,0.0005614,0.00234194,0.00016263,0.00064941,0.00194565,0.0195041,0.00032037,0.00230396,0.00115877,0.00228945,0.00372666,0.00059606,0.00767806,0.00356646,0.00388777,0.00181248,0.00269285
3.151e-005,0.004929,0.00038036,0.00877171,0.0015458,4.449e-005,0.00063273,0.0009921000000000001,0.00042413,0.00039062,0.00625894,1.27e-006,2.328e-005,0.00043967,0.17534759,0.12048132,0.05068585,0.00342256,5.162e-005,8.397e-005,1.03e-006,0,4.814e-005,1.096e-005,0,0,0.00019498,0,0,0.00038533,4.165e-005,0.00398868,0.00702559,0.00018077,0.01969478,0.0034063,0,4.599e-005,0.00243841,1e-006,0,0.00353563,0.00170713,0.00134795,0.0002052,0.00023863,0.00018845,0.00180648,0.0003403,0.00019436,0.00064182,0.00031577,0.00028662,0.00014831,1.431e-005,1.367e-005,3.714e-005,5.689e-005,0.0001901,0.00368987,0.00121045,0.00054154,0.0210651,0.05776521,0.01145683,0.00176379,0.00336008,0.00103584,7.95e-006,4.4e-007,4e-006,0.0007666800000000001,7.784e-005,1.2e-007,2.93e-006,3.83e-006,1.8e-007,0.00014156,5.93e-006,1.9e-006,0.00067588,0.01097105,3.175e-005,0.00011826,1.115e-005,0.00011071,4.082e-005,0,4.007e-005,8.36e-006,0.00010416,0.00011417,3.182e-005,8.87e-005,0.00021804,0.00058773,0.00067115,0.0002709,0.00033731,0.00069772,0,0.00126362
0,0,0.00010719,0.00017261,0.00030556,0.00231358,0.00150996,0.00338291,0.00040658,0.00044735,0.00010052,0.00093261,0.00067556,0.00123752,0.00033169,0.03509134,0.00055762,0.00066415,0.00036532,0.00040368,0.00091479,0.00045019,0.0004992,0.0005903,0.00029647,0.00129883,0.0007988,7.08e-006,0.00014043,0.00117394,0.00070278,5.674e-005,0.00106877,0.0009812499999999999,0.00363502,0.00108425,0.00015035,0.00023471,0.00139887,7.5e-006,0.0001008,0.00061557,0.00025999,0.00033132,0.00042066,0.00042491,0.00045605,0.0003729,0.00061146,0.00077557,0.00085648,0.0011397,0.00378968,0.00354372,0.00100076,0.00102692,0.0003564,0.00032324,0.00038721,0.006832,0.00104104,0.0005839900000000001,0.00582224,0.01795975,0.02605301,7.442e-005,0.0001441,0.00102956,0.00066176,0.0019043,0.0035894,0.00131667,0.00277151,0.00049062,0.00039754,0.00043041,0.00044736,0.0008681300000000001,0.0009169300000000001,0.00071543,0.00315484,0.00229205,0.0022259,0.00090147,0.00391627,0.00181003,0.00173792,0.00245032,0.00344633,0.00295461,0.01404137,0.00055872,0.00136105,0.0002188,0.0021315,0.00533403,0.00299922,0.00374995,0.00083878,0.00345033,0,0.00092664
9.515e-005,0,0.00164594,0,8.322000000000001e-005,0,0,0,0.00021115,0.00082194,1.44e-006,0.0035982,0.00304525,0.00060973,0.00693189,0.01449541,0.28898268,0.28719281,0.11346776,0,0.00230393,0,7.3e-007,0.00128092,0.00991043,0.001407,0.00399487,0,0,0.00397257,0.00255318,0.0008301,0.009007100000000001,0,0.01131666,0.0087458,0,9.299e-005,0,0.00030884,0,0.0015031,0.00012325,0.00024055,0.00026679,1.276e-005,0.0014553,0,0.00477934,0.00025539,0.00295683,0.00176444,0.00145058,0.00039006,0.00098664,0.00375898,2.7e-007,7.32e-006,0.00027415,4.1e-006,3.1e-007,0.00045424,0.0091959,0.00497224,0.00306117,2.22e-006,8.3e-007,0,0,6.6e-007,0.00017583,-0.00026162,0.00037146,0,0.00012691,0,0.00020094,4.934e-005,0.00011021,0.00349554,0.00471735,0.00812217,0.00013093,1.36e-006,0.00485231,0.08696711,0.00011485,0.0012577,0.00282398,0.00032278,0.00123324,1.65e-006,0,0.00024337,0.00241357,0.0006124700000000001,5e-008,0.00112114,0.00062269,6.718e-005,0.10168868,0.00672582
0.01944849,0.00160018,0.01859863,0.00382664,0.00073408,0,0,0,0.01290491,0.02336101,0.00305659,0.0041921,0.00445765,0.00518091,0.00047937,0.00945385,0.00179964,0.00827613,0.00116552,0.00629101,0.00184962,0,0.00106614,0.00368869,0.00450346,0.01721348,0.02710023,0,2.889e-005,0.00301293,0.00124294,0.01046135,0.01323601,0.00327296,0.03938683,0.00450223,0,0,5.79e-006,0.00127785,0,0.00022154,3.081e-005,0.00401825,0.00063923,0.00015992,0.00156074,0.00154087,0.00211355,0.001182,0.00443688,0.00577811,0.00207676,0.00079615,0.00068256,0.00307829,7.332e-005,1.416e-005,0.00034791,3.157e-005,0.00024259,0.00470117,0.00713607,1.872e-005,0.00272651,0,0,0,0,0.00023584,0.00064328,0.00573859,0.00134384,4.141e-005,0,0.00022806,0.00071544,0.00060127,0.00050503,0.00021064,0.0077881,0.01159524,0.00025685,0.00036646,0.00107464,0.00056662,0.00014568,0.00067609,0.0014892,0.00218556,0.00136106,0.00037707,9.089999999999999e-006,2.84e-006,0.00152746,0.00049316,0.00254388,0.00074697,0.00046374,0.00125775,0.33938921,0.00406595
0,0,0.00048986,6.463e-005,0.00038257,0.00080085,0.00046238,0.00126046,0.01010653,0.00369203,5.242e-005,0.00147819,0.00189556,0.00579108,0.00078551,0.00494116,0.00032701,0.01829538,0.05482454,0.00124981,0.00142871,0.00043276,0.00040127,0.00063379,0.00316634,0.00282047,0.01029586,2.916e-005,0.0001942,0.00044118,0.00090638,0.00175056,0.00746502,0.00051264,0.0018032,0.00118175,0.00017832,0.00020904,0.00236844,6.247e-005,0.00029683,0.00123443,0.00078124,0.0047316,0.00174495,0.0018178,0.00200596,0.008847320000000001,0.00144492,0.0018781,0.00113544,0.00865397,0.009258300000000001,0.00388679,0.00622948,0.00418442,0.00174457,0.00122754,0.00039056,0.00177237,0.00324894,0.00254869,0.00848604,0.0007659,0.00107405,0.00069277,0.0004494,0.00346593,0.00502315,0.00311051,0.00420947,0.00603586,0.01847104,0.00038896,6.49e-006,0.0019451,0.00183839,0.00101556,0.00082067,0.00457722,0.00145501,0.00563583,0.00763163,0.00561028,0.00753345,0.12315882,0.01059594,0.00659725,0.02856513,0.00361648,0.0408036,0.03929318,0.00119194,0.00140601,0.00520973,0.01380141,0.00062132,0.00063669,0.0025247,0.00407032,0,0.00013011
0.03730928,0.0001202,5.763e-005,0.00020335,0,0,0,0,5.92e-006,2.192e-005,5.03e-006,0,2.38e-006,1.013e-005,4.79e-006,0,3.06e-006,6.31e-006,2.38e-006,0.1750859,0.00474353,0,0.00762753,0.0036298,0.00033882,0.00069763,0.00225052,2.42e-006,-0.00303976,0,3.566e-005,1.471e-005,5.084e-005,0,0,0.00018567,-0.00155248,0.0003013,0,0,8.362e-005,2.7e-006,0,0,0,1.089e-005,0,0,0,0,0.00017816,0,0,0,0,0,0,0,0,0,0,0,1.46e-005,0,0,0.0002633,9.269e-005,0.00011075,0.00012095,0,0,0,0,3.26e-006,0,0,0,0,0,0,7.45e-006,0,0,0,0,0,1.79e-006,0,0,0,0,0,0,0,0,0.00029037,0,0,0,0.00045754,0,0.00078067
0.00039892,0.00021067,0.00095782,4.493e-005,0.00056205,0.00040043,8.691000000000001e-005,0,0.00372357,0.00269864,0.00093916,7.249000000000001e-005,0.01847006,0.0030081,1.756e-005,0.00031071,0.01230194,0.00116488,1.414e-005,0.08018783,0.13832506,0.00522317,0.03592573,0.01334785,0.009567579999999999,0.02011685,0.04936431,3.19e-005,0.00037796,0.00491454,0.03788656,0.0008679300000000001,0.02990097,0.00039023,0.01379316,0.00196589,0.0071028,0.00200938,0.00117528,0.00021389,0.0036684,0.00234988,0.00362867,0.00082946,0.00087512,0.00043106,0.001685,0.00055247,0.00096415,0.00144794,0.009043209999999999,0.0038888,0.00218467,0.00133942,0.00582219,0.00417913,8.433e-005,6.35e-006,0.00011177,0.00081341,0.00150131,0.00030274,0.00297587,0.00011356,0.00021404,0.00051956,0.00072037,6.02e-006,8.64e-006,0.01136199,0.00586102,1.47e-006,0,0,0,1.179e-005,0,0,0,0,0.0005604,0.00026824,0,0,0,0.00017115,8.719e-005,4.75e-006,0.00279775,0.00038721,0,0.00017593,0,0.00024929,0,0,0.00022994,9.945000000000001e-005,0.00180083,2.685e-005,0,0.00194539
0,0,0,0,0,0,0,0,0,0,0,4.451e-005,1.425e-005,0,0,0,4.765e-005,3.3e-006,0.00015089,0.01507518,0.00727204,0.13993796,0.27621527,0.20621589,0.00229106,0.00034453,0.01292469,0.00014272,0,1.514e-005,0.00026425,0,0.00068777,0,0,0.00018042,0,0,1.736e-005,0,0,0,0,2.6e-007,3.38e-005,0,0,0,0,0,0,0,0,0,6.49e-006,6.863999999999999e-005,0,0,0,9.02e-006,0,0,0.00017538,0,0,0,0,0,0.00026747,0,0,0,0,0,0,0,0,0,0,0,0,0,0,0,0,1.607e-005,0,0,0.00078588,0,0,0,0,0,0,0,0,0,0,0,0,0
0,6.6e-006,0.0003285,7.881999999999999e-005,0,0.00840897,6.258e-005,0,0.00292416,0.00601584,0.00148701,0.00068378,0.01999173,5.419e-005,0.00103418,0.00131059,0.00868649,0.00391368,0.00046093,0.00508642,0.03326741,0.02587692,0.25114513,0.35431354,0.28307461,0.04661876,0.12467254,0.00020863,0.00093488,0.02947212,0.14684506,0.00044972,0.01073735,0.00012507,0.00061333,0.02130544,5.091e-005,0,1.052e-005,0,0.00036605,0.00340448,7.639000000000001e-005,0.00020957,0.00054944,4.138e-005,0.00046069,0.00178897,0.0011952,0.00019097,0.00275252,0.00341948,0.00038266,0.00015755,0.00389125,0.00357565,2.961e-005,0.00018652,0.0002234,0.00012259,2.055e-005,0.00035566,0.00116185,4.255e-005,0.00017237,1.2e-007,0,0,2.76e-006,8.161e-005,0,0,0,0,0,0,0,0,0,0,3.832e-005,0.0006523,2.8e-007,0,0,0.0003555,6.12e-006,0.00035148,0.00281562,0.00032907,0,0,8.3e-007,0.00029487,0,0,0,0,0.00064558,5.578e-005,0,0.00180974
0,0,0,0,0,0,0,0,0,0,0,0,0.0013763,7.05e-006,7.743e-005,0.00269473,0.00348058,0.00338831,0.00049143,0,0,0,0,0.00300697,0.0589564,0,0.02783354,0,8e-007,0.16944655,0.00029957,0.00624781,0.00375267,0,0,0.00354351,0,1.128e-005,0,0,0,0.00622313,2.568e-005,0.00015043,0,1.6e-007,0.00055015,0.00082508,0.00441424,0,0.00274979,0.00537445,0.00272899,0.00126173,0.00301545,0.00559603,0,0,0.00261112,0.00065639,7.598e-005,0.00352433,0.00403,0,0,0,0,0,0,0,0,0,0,0,0,0,0,0,0,0,0,0,0,0,0,5.673e-005,0,0,0,0.00010892,0,0,0,0,0,0,0,0,0,0,0,0.00234882
0,0,0,0,0,0,0,0,0,0,0,0.0062731,0.11723106,0.03981636,4.47e-005,0.00073586,0.00135284,1.622e-005,0,0,0,0,0,0,0,0,0,0,0.0002913,0.00036577,0.00010163,0.00227384,0.0005638900000000001,0,0,0.00654577,0,0,0,0,0,0,0,0,0,0,0,0,0,0,0,0,0,0,0,0,0,0,0,0,0,0.00052784,0.00776275,0,0,0,0,0,0,0,0,0,0,0,0,0,0,0,0,0,0,0,0,0,0,0,9.900000000000001e-007,0,0,0,0,0,0,0,0,0,0,0,0,0,0,0.00258941
0,0.0085857,0.03271242,0,0.00377973,0,0,0,0.00018871,0,0.00268681,3.179e-005,0,0.00010221,0,0,0,0,0,0,0,0,0,0,0,0.04331054,0.00143108,0,0,0,0,0,0,0,0,0,0,0,0,0,0,0,0,0,0,0,0,0,0,0,0,0,0,0,0,0,0,0,0,0,0,0,0,0,0,0,0,0,0,4.476e-005,0.00735729,1.6e-007,0,0,0,0,6.5e-007,1.194e-005,1.74e-006,0,0,0,8.689e-005,0,0,1.92e-006,0.00031334,6.016e-005,0.0006057,0.12469043,0,0,0,0,1e-007,3.601e-005,0,1.968e-005,0,7.36e-006,0,0.0005926800000000001
0.03925609,0.00323834,0.00365149,0.00084178,0.0025457,0.01187934,0.00871561,0.00157761,0.0017465,0.00267009,0,0.00181182,0.01879026,0.00590034,0.03208857,0.02352864,0.01136879,0.01691543,0.03171904,0.0048539,0.00395568,0.008530039999999999,0.00938691,0.0062906,0.01088857,0.01065751,0.0996109,0.00082646,0.01057896,0.0072264,0.00706441,0.00247138,0.0026243,0.00391467,0.00059698,0.01604185,0.00023912,0.0008469900000000001,0.00459221,0.0001884,3.391e-005,0.00256311,0.00660234,0.0060236,0.00231917,0.00319731,0.00299412,0.01331362,0.00394836,0.0024352,0.00579026,0.00238089,0.00305463,0.00272665,0.00212514,0.00449062,0.00405631,0.00514114,0.01050476,0.01438312,0.00551756,0.00188707,0.02761271,0.00528713,0.00685405,0.00062421,0.00197325,0.00036957,0.00251158,0.00074483,0.00319105,1.3e-005,2.898e-005,1.547e-005,1.672e-005,4.546e-005,0.00032442,0.0001441,0.00023438,0.00011766,0.00025119,0.00058407,1.19e-006,0.00216669,0.0009315,0.0086845,0.00035657,3.241e-005,0.00642578,0.00347741,0.00215778,0.00399953,0.00251787,0.00594954,0.00297521,0.00379708,0.00228912,0.00325802,0.02204639,0.01132579,0.02197971,0.00483102
0.02830334,0.00587372,0.01507392,0.02109892,0.0870934,0.03835202,0.10625146,0.01051467,0.00698343,0.00513654,0.00699634,0.0025134,0.01575594,0.00309357,0.00926128,0.00415736,0.009014589999999999,0.00397196,0.00375498,0.04590697,0.02229922,0.62524898,0.01266403,0.00335382,0.01261493,0.00218046,0.00610911,0.03305809,0.06752863000000001,0.00165526,0.00337359,0.0051298,0.02526185,0.01921281,0.04240851,0.0223821,0.00349587,0.00424566,0.01029763,0.00296,0.0089371,0.00420509,0.00450898,0.00499622,0.00271816,0.00252179,0.00314545,0.00195329,0.00150311,0.0009936700000000001,0.00256074,0.00127099,0.00116791,0.00121691,0.00306619,0.00189047,0.00103923,0.0010376,0.00216963,0.00510965,0.00735239,0.00261719,0.00908979,0.01024833,0.00869556,0.02146069,0.01194886,0.04647646,0.04392427,0.01824776,0.01724368,0.01280758,0.00196322,0.00341036,0.00070019,0.00531428,0.07707134,0.08010371,0.11942855,0.01883455,0.00308884,0.00325754,0.00273129,0.00331391,0.00436584,0.00365317,0.01187063,0.00657257,0.01455349,0.00541567,0.00782426,0.00418493,0.00435814,0.00306896,0.00371463,0.01446864,0.00418567,0.00785027,0.0147029,0.0112092,0,0.02228519
0,0,0,0,1.24e-006,0,0.00011472,0,0,0,0,0,3.8e-006,0,4.39e-006,0,3.497e-005,0,0,0.00461815,0.00070973,0.00011246,0.00791365,0,0,0,5.678e-005,0,0.04909108,7.33e-006,0,0,4.67e-006,3.035e-005,0,0.00487649,0.05743569,0.00586055,0.00987202,4.798e-005,0.00122775,0.00012864,9.886e-005,1.523e-005,4.46e-006,1.229e-005,1.676e-005,1.5e-006,1.152e-005,3.8e-007,3e-006,0,3e-006,0,1.183e-005,7.93e-006,1.32e-005,1.782e-005,3.847e-005,2.05e-006,0.00087849,6.72e-006,1.9e-005,0.00043981,4.419e-005,0.01782278,0.00735563,0.01488301,0,8.8e-007,0.00023426,-2.81e-006,0,0,0,8.036e-005,0,0,0,0,0,0,0,0,0,9.619999999999999e-006,0,0,0,7.21e-006,0.00020256,0,8.760000000000001e-006,0,2.47e-006,0,0.00066394,9.61e-006,0,4.205e-005,0,2.441e-005
0.0087376,0.00054583,0.00668518,0.01252268,0.01221053,0.00204663,0.00029898,0.00114661,0.01463538,0.03708703,8.616e-005,0.00127132,0.00324003,0.01093763,0.00451389,0.0273472,0.00532656,0.03562384,0.04207387,0.00955278,0.00615888,0,0.00092921,0.00204003,0.00383994,0.02850349,0.02576236,0.00016728,0,0.24485596,0.03996123,0.04402045,0.01343118,0.00024515,0.00190269,0.00257954,0,4.84e-006,9.785000000000001e-005,1.449e-005,0.00039624,0.01179477,0.00198081,0.00371817,0.00337024,0.00807692,0.00705297,0.02566811,0.02066349,0.00676093,0.07065015,0.03592383,0.03989575,0.01848595,0.02241887,0.01840872,0.02612464,0.01303546,0.02542747,0.00602884,0.0137226,0.03230941,0.0577801,0.01019806,0.01742379,0.00976145,0.01239923,1.3e-007,0,0.03613265,0.00190209,0.00312602,0.00221746,0.0004641,0.00037507,0,0.00032999,9.124e-005,0.00056083,0.00148779,0.00369341,0.00770165,2.959e-005,0.00071879,0.00620282,0.00142308,0.00051126,0.00013246,0.0098265,0.00096475,0.00188942,0.00325884,0.00033194,0.00695231,0.00085321,0.00442481,0.0006273300000000001,0.00206412,0.00126195,0.00087696,0.03762858,0.00875628
0.00107341,0.0004405,0.00972809,0.00070543,0.0009676,0.00088984,0.00568873,0.00417985,0.00021662,0.00010783,7.18e-005,1.229e-005,0.00131359,0.00554128,0.00034765,0.00142091,0.00035105,0.00137155,0.00074239,0.00111417,0.00033714,0.00052027,0.00091109,0.00074644,8.070000000000001e-006,0.00118915,0.00047948,8.3e-007,0.00037235,0.0006496400000000001,0.04434316,0.0305056,0.00016186,0.00212494,1.499e-005,0.00208851,0.00071498,0.00083022,0.00184814,0.00013193,3.67e-005,0.00018948,0.00302931,0.00095992,0.00778928,0.01527134,0.00438703,0.01581863,0.00879887,0.00332302,0.0026381,0.00591959,0.00578567,0.00045254,0.00584623,0.00075034,0.01177623,0.02397448,0.01416909,0.009266089999999999,0.01165234,0.0048747,0.00615515,0.00029861,0.00028137,0.00348198,0.00397874,1.369e-005,1.037e-005,0.00089884,0.00985597,0.00018556,1.618e-005,2.68e-006,9e-007,9.765e-005,0.00095893,0.0020086,4.88e-006,0.00023721,0.00071207,0.00010015,0.00019033,3.072e-005,2.546e-005,3.448e-005,0.00119575,8.656e-005,0.00025225,0.00112744,0.00305946,3.501e-005,0.00039624,0.03215181,6.363e-005,0.00136558,0.00010874,0.00107752,0.00050368,0.00068484,0.008372589999999999,0.00166277
2.492e-005,3.96e-006,1.844e-005,0.00010719,0.00030183,0,0.00233506,0,4.012e-005,1.252e-005,5.03e-006,0,0.0009264,0.0025746,0.00029816,0.00073628,4.59e-005,8.681e-005,5.527e-005,0.0001098,1.645e-005,8.546e-005,9.7e-006,1.37e-005,6.05e-005,6.17e-006,0.00017566,4.5e-007,0.00025037,5.369e-005,3.166e-005,0.1659483,1.286e-005,8.805e-005,0.00057381,0.00013487,2.071e-005,3.18e-006,0.00028567,1.399e-005,1.486e-005,4.133e-005,0.00023581,3.457e-005,5.796e-005,0.00015548,0.00010647,3.5e-006,5.105e-005,0.00018495,1.961e-005,8.3e-006,0.00013547,1.793e-005,0.00011408,0.00013947,9.794e-005,5.444e-005,7.442e-005,2.87e-005,0.00019588,0.00351681,0.00135391,4.07e-006,1.107e-005,1.635e-005,5.572e-005,5.797e-005,0.00301023,5.397e-005,0.00014328,5.408e-005,5.749e-005,7e-007,3e-008,0.00010607,1.831e-005,7.24e-006,3.84e-006,5.69e-006,1.916e-005,4.685e-005,0.00161769,0.00019329,2.59e-006,1.882e-005,0.00017929,4.114e-005,0.00032243,3.292e-005,0.00059853,5.83e-006,0.00042608,8.060000000000001e-006,5.149e-005,0.0002005,1.365e-005,0.000412,0.00030827,0.00108047,0,0.00095583
0,0,0,0.0005667,0,0,0,0,0.00108877,0.01270896,0,2.12e-006,0.00025417,0.00074894,6.905e-005,0.02564658,2.2e-007,0,9.05e-006,1.615e-005,0.00142203,2.05e-006,0.0001686,1.609e-005,0,0.00928677,0.00646441,0,0,0.00489386,0.00065246,2.1e-006,0.04549364,0.00015643,0,0.00204355,0,0,0,0,0,0.0032969,0.0006391600000000001,0.00075469,0.00061092,0.00018177,2.06e-006,0.00350366,0.00011684,0.00141592,0.01474384,0.00204286,0.00066206,0.00015891,0.00107478,0.01776805,0.01600126,0.01040093,4.377e-005,0.00065311,0.009471230000000001,0.02177939,0.00377052,0.00328204,0.002715,6.855e-005,0.00010867,0,0,3.137e-005,0.0001278,6.721e-005,8.63e-006,0,0,7.5e-006,2.623e-005,3.446e-005,4.15e-005,1.9e-006,0,2.9e-007,0,0,0,1.085e-005,8.716e-005,0.00031777,0.00273807,0.00055064,0.00062915,2.884e-005,0,0.00534164,1.582e-005,0.00074803,0.0006143,0.00125064,0.0001127,0.00010311,0,0.00268655
0,0,0,9.143e-005,0,0.00044492,3.361e-005,0.00051232,0,0,0,0,0,0,5.59e-006,0,0,0,0,0,0,0,0,0,0,0,2.286e-005,1.08e-006,8.426e-005,0,0,0,0,0.10139457,0,0.00108191,0,0,9.364000000000001e-005,0,0,0,3.42e-006,5.799e-005,4.77e-006,0,0,0,0,0,1.008e-005,0,0,0,0,0,0,0,0,0,2.18e-006,0,0.000354,0.02609893,0.03259905,0.07694416,0.04483291,0,9.680000000000001e-006,0,0.00020544,0,0,2.3e-007,4.393e-005,0,0,0,0,0,0,0,0,0,0,0,6.54e-006,0,2.684e-005,0,0,0,0,0,0,0,0,0,0,0,0,0.00146773
0,0,0,0,0,0,0,0,5.018e-005,2.279e-005,0,4.2e-007,0,0,5.59e-006,0.00217041,0,0,0,0,0.00023332,0,2.75e-006,0,0,0,6.562999999999999e-005,0,0,6.384e-005,0,0,1.75e-006,0.00014108,0.01115856,5.8e-007,0,0,1e-005,0,0,0,8.6e-007,0.00017398,2.488e-005,4.27e-005,1.03e-006,2.401e-005,0.00190453,8.664e-005,0.00017026,4.414e-005,0.00052768,0,0.00484051,0.01831529,0,0,0.00024319,8.199999999999999e-006,0.00010993,0.00055659,0.0004747,0.00710433,0.00115925,0.00020739,0.00077485,0,0,0,0.00027695,0.00022249,7.48e-006,0,0,0,3.239e-005,0.00010945,3.5e-007,1.518e-005,2.66e-006,6.15e-006,0,0,0,0,6.845e-005,6.4e-005,0,0.00060246,0.00011907,0,8e-008,0,1.431e-005,8e-007,0.00216854,0.00222764,0,0.00023429,0,0.00161923
0.00222958,0.00077334,5.533e-005,4.729e-005,4.223e-005,0,0,0.00076441,0.0001847,6.51e-006,0.00261214,4.24e-006,0,0,0.00015207,0.00100443,0.0019544,1.922e-005,1.668e-005,0.00062329,0.01521579,1.47e-005,0.00059055,0.00048929,0.00011294,0.00094512,0.0004196,1.429e-005,0.00554988,0.00037705,0.00021393,5.674e-005,0.01295962,0.01792804,0.02504031,0.04917067,0.01415205,0.00050448,0.01717359,0,0.01288003,0.00223901,0.00256433,0.00273367,0.01022748,0.00170844,0.0053525,0.00032713,0.00382321,0.00094997,0.00461995,0.00108047,0.00125208,0.00083038,0.00621651,0.00135117,0.00185673,0.00085791,0.00162811,0.00108605,0.00169158,0.00181562,0.00183858,0.00900901,0.01457294,0.00574639,0.01207045,5.873e-005,7.913e-005,0.00417938,0,5.037e-005,2.4e-006,0,0,0,0,3.13e-006,0,0,0,4.4e-007,0,0,0,5.316e-005,3.778e-005,0.00077052,1.095e-005,3.193e-005,0,0,0,0.00014921,1.24e-006,0.00066334,7.456e-005,4.134e-005,3.757e-005,0.00054263,0.00419354,0.00243564
0,0,0,0,0,0,-2.32e-006,0,0,0,0,0,0,0,0,-1.24e-006,0,0,0,-6.46e-006,0.00019169,0,0,0,0,0,1.62e-006,0,-6.42e-006,-2.8e-007,0,0,0,-3.34e-006,-5.45e-006,-1.868e-005,0.39652853,0.35459663,0.11174353,0.0004013,0,4.64e-006,-0.00055549,-0.0019503,-0.0006339400000000001,-0.00099675,-0.00024285,-0.00019658,-0.0003597,-2.64e-006,-0.00043941,-0.00054627,-0.00010286,-7.880000000000001e-006,0,-4.65e-006,-0.00016312,-0.00013892,-0.00050048,-0.0036005,-0.00065957,-0.00028447,-0.00010217,0,-0.00064136,-8.915999999999999e-005,-0.00011089,0,0,0,0,0,0,0,0,0,0,0,0,0,0,0,0,0,0,0,0,0,0,0,0,0,0,0,0,0,0,0,0,1.23e-006,0,6.795e-005
9.389e-005,2.31e-006,1.15e-006,2.36e-006,0.00013974,0,0.0007405,0.008457279999999999,0,0,0,0,5.368e-005,4.714e-005,0.00046101,0.0200588,0,0,0,0,0,0,0,0,0,0,0,0,0,0.00167106,0.00404604,6.3e-006,0,0.01558864,0,0.00275704,0,0.27816014,0.08678332,0.5696529,0.00026385,0.0013312,0.13854836,0.12757952,0.04456231,0.03732074,0.07860897,0.01032367,0.03485373,0.00329063,0.01796846,0.02043165,0.00733188,0.0019563,0.00320106,0.0027471,0.0084905,0.0072266,0.02973941,0.11456356,0.0208978,0.008447649999999999,0.00565265,0.02235771,0.01198766,0.02125373,0.02797442,0,0,1.97e-006,0,0,0,0,0,0,0,0,0,0,0,0.00202264,0,0,0,0,1.63e-006,0,0,0,0,0,0,0.00023254,0,0,0,0,0,6.191e-005,0,0.00588752
0,0,0,0,0.00012607,0.00422673,3.477e-005,8.132e-005,0,0,0,0,0,0,1.2e-006,0.00053878,0,0,0,0,0,0,0,0,0,0,0,0,0,0,0,0.00012189,0,4.669e-005,0.00243016,0.00040287,0,0,0.00486894,0,0,0.00028953,0.01579704,0.00623855,0.02826011,0.02381424,0.04436554,0.00739673,0.01300657,0.00155943,0.00127737,0.00081186,0.00057447,0.00089068,0,0.00022644,0,0,0.0205827,0.0319424,0.01506446,0.00150885,0.00381014,0.00031124,0.00042644,0.00187184,0.00872885,0,0,0.00063711,0,0,0,0,0,0,0,1.57e-006,0,0,0,0,0,0,0,0,1.32e-006,0,0,7.730000000000001e-006,4.77e-006,0,0,0,0,0,2.821e-005,2.517e-005,0,4.622e-005,2.438e-005,0.00358652
0,0,0,0,0,0,0,0,0,0,0,0,0,0,2.874e-005,0.03112858,0,0,0,0,0.00031504,0,1.1e-006,0,0,0,2.95e-005,0,0,4.156e-005,0,0,2.513e-005,0.0023454,0.00066785,0.00194079,2.677e-005,0,0.0030734,0,0,0.00046704,0.0852347,0.06798986999999999,0.01902834,0.01607076,0.00607538,0.00537792,0.00880558,4.143e-005,0.00607167,0.01974466,0.00189395,0.00032949,8.356000000000001e-005,0.00212147,0.00058654,0.00115772,0.00812095,0.04050331,0.02158913,0.00312381,0.00129692,0.00024183,0.00054793,0.00030785,7.143e-005,0,0,0,0,0,0,0,0,0,0,0,0,0,0,0,0,0,0,0,2.112e-005,0,0,0,0,0,0,0.00038183,0,0,0,0,0,0,0,0.00201913
0,0,0,0,0,0,0,0,0,0,0,0,2.898e-005,0,1.636e-005,0.00047391,5.858e-005,0,-0.00036691,0,0.03001581,0,0.00058616,0,0,0,0.00518038,0,0,0.00021824,-1.4e-005,0,0.00388765,0,0.01222712,0.01015351,0.00589535,0.01002291,0.00179554,-0.0001949,0.13163907,0.43875151,-0.0001868,0.01273405,-0.00015605,0.00041682,0.00081131,-0.00031813,0.00468059,0.00029757,0.07112362,0.00043838,0.00088197,-2.309e-005,0.01540172,0.00644318,0,-0.00062915,0.00414034,8.897e-005,0.00040639,0.00681039,0.01432751,4.027e-005,0,-2.1e-006,-7.92e-006,2.103e-005,0,1.645e-005,0,0,0,0,0,0,0,0,0,0,0,0,0,0,0,8.365e-005,5.4e-007,0,2.372e-005,0,0,0,0,0,0,0,0,0,0,7.4e-007,0,0.00205663
0,0,0,0,0,0.00209112,7.185e-005,0.0012198,0.00152135,0.00170775,0,0.00095211,4.751e-005,0,0.00072524,0.00983356,1.97e-006,0.0004749,0.00235772,0,0.00097132,0,9.2e-007,0,0,0.00104863,0.00213003,6.7e-006,8e-007,0.00174572,0.00148586,0.00104655,0.0007316,0.00010273,0.00091046,0.00288491,0,0.0008676,0.00010259,0,0.00161749,0.06295468999999999,0.08795117,0.03814185,0.02567219,0.01385893,0.03959258,0.00867825,0.05218046,0.01249241,0.06390588,0.03752303,0.03001973,0.01283301,0.00695744,0.02811178,0.00357271,0.00336476,0.02615285,0.01305641,0.01813964,0.01871924,0.02136975,0.00577138,0.00601708,0.00387134,0.02799179,0.00081206,0,0.00023255,4.8e-006,1.331e-005,0,0,0,0,0,6.246e-005,0,0,0,3.324e-005,0,0,0,0.00019025,0.00016654,0,9.8e-005,0.00122631,0.00016141,0,0,0.00151928,1.939e-005,0,0.00034044,0.00067314,0.00055056,0.00033286,0.00091843,0.00604682
0,0,0,4.02e-005,0.00018073,0,0,0.00074814,0,0,0,0,0,0,6.306e-005,0.00131637,0,0,0,0,0,0,0,0,0,0,0,0,0,0,0,0,0,0.00024948,0,0,0,0,3.998e-005,0,0,2.859e-005,0.01279363,0.00100972,0.00048443,3.5e-006,0.00104075,0,0,0,0,0,4.611e-005,0,0,2.954e-005,0,0,0,0.00716245,0.00641349,0,0.00764529,0.07954242,0.09903919,0.04086851,0.073517,0,0,0,0,0,0,0,2.477e-005,3.459e-005,0,0.00053607,0,0,0,3.22e-006,0,0,0,0,2.1e-007,0,0,0,0,0,9.761e-005,0.00017804,0,0,0,0,0,0,0,0.00137159
0.00126041,0.00096321,0.00023859,0.00047291,0.00163958,0.00529454,0.02001428,0.0302673,0.00541583,0.06122752,0.00639464,0.00035482,0.00012305,0.00355791,0.01486802,0.04935784,0.00148881,0.00122916,0.00053559,2.261e-005,0.01239742,0.00016716,0.00518295,0.00267929,0.00015529,0.01258913,0.01440178,0.00040711,0.00359346,0.00201576,0.0297175,0.01108129,0.00940387,0.009517690000000001,0.01785342,0.01059083,3.033e-005,2.35e-005,0.01018399,4.498e-005,0.00117247,0.00297936,0.05033527,0.05663104,0.03551406,0.03233333,0.03819683,0.05281206,0.03281384,0.01374448,0.01690031,0.02621391,0.01851783,0.00920997,0.00555149,0.02221365,0.0011925,0.00389846,0.01153225,0.034028,0.01090901,0.02044676,0.01783693,0.02349203,0.07910282,0.00986098,0.0069557,0.00065892,0.00132767,0.00102784,0.00015475,0.0031185,6.137e-005,4.967e-005,0.00026866,0.00025806,0.0011388,0.00141027,9.173e-005,0.00035107,0.00300103,0.00552308,0.00034931,4.649e-005,0.00018244,0.00043723,0.00452233,9.892e-005,0.00014551,0.00032103,0.00176777,6.61e-006,0.00056419,0.0053854,0.0002466,0.00012698,0.00255261,0.00079029,0.00251175,0.00454822,0.00023323,0.00447692
0,0,0,0.00018444,0,0.00129027,0.00236866,0.00113848,0,0,0,0,0,0,2.634e-005,0.00044871,0,0,0,0,0,0,0,0,0,0,0,1.08e-006,5.858e-005,0.00492799,0,0,0.0045877,0.00031886,0.00231431,0.00165994,5.3e-007,1.23e-006,0.00213907,0.00050574,0.00011753,0.00026887,0.00055806,0.00122992,0.19126061,0.03356964,0.00998367,0.02376159,0.00526783,0.00331662,0.00041462,0.02555182,0.00082836,0.00073368,0.00248015,0.00107031,0.001804,0.00115357,0.00248979,0.02794586,0.01272204,0.00442798,0.00109374,0.00798522,9.638e-005,0.00647519,0.0069343,0,5.702e-005,0.00017793,0,4.12e-006,0,0,0,7.65e-006,1.843e-005,6.461000000000001e-005,5.615e-005,3.606e-005,0.00019425,0.00010015,4.15e-006,0,0,3.544e-005,0.00019514,0,0,0,0,0,7.689999999999999e-006,0.04390539,0.00024342,0,0,0,0,5.456e-005,0,0
0,0,0,0,0,0,0,0,0,0,0,0,0,0,0,0,0,0,0,0,0,0,0,0,0,0,0,0,0,0,0,0,0,0,0,0,0,0,0,0,0,0,0,0,0,0.17596255,0,0,0,0,0.00025934,0,0,0,0,0,0,0,0,0.00573201,0,0,0,0,0,0,0,0,0,0,0,0,0,0,0,0,0,0,0,0,0,0,0,0,0,0,0,0,0,0,0,0,0,0.04909545,0,0,0,0,0,0,0,0
0,0,0,0,0,0.00084535,0.00240227,0.00076441,0,0,0,8.5e-007,0,0,5.987e-005,0.00678639,0,0,0,0,0,0,0,0,0,0,0.00011342,0,8e-007,0.00035693,0,0,0.00052474,0.00025082,0.00619466,0.00157061,0,0,0.00185761,0,0,0.0003921,0.00078637,0.0011942,0.02046264,0.01910559,0.08674007,0.004334,0.01410054,0.00319985,0.00051433,0.008051859999999999,0.00273363,0.00207826,0.00130427,0.00230151,0,7.3e-007,0.009277270000000001,0.0094637,0.00533944,0.00473501,0.00056923,0.00027823,0.00072129,9.737e-005,2.696e-005,0,0,0.00704593,0,3.16e-006,0,0,0,4.974e-005,1.88e-006,1.018e-005,8.440000000000001e-005,1.518e-005,0.00027461,0.00025374,4.55e-006,8.2e-007,0,0,0.00011695,0,0,0,0,0,3.64e-006,0.01845312,0,0,0,0,0,4.794e-005,0,0
0,0,0,0,0,0,0,0,0,0,0,0,0,0,0,0,0,0,0,0,0,0,0,0,0,0,0,0,0,0,0,0,0,0,0,0,0,0,0,0,0,0,0,0,0,0,0,0.17094898,0,0,0,0,0,0,0,0,0,0,0,0,0,0,0,0,0,0,0,0,0,0,0,0,0,0,0,0,0,0,0,0,0,0,0,0,0,0,0,0,0,0,0,0,0.00397174,0.02305448,0,0.00394771,0,0,0,0.0001264,0.050312,0
4.7e-007,4.689e-005,0,0,0.00053783,0.00186866,0.00012747,0,0,0,0,0,0,0,2.195e-005,0.00012189,0,0,1.6e-007,0,0,0,0,0,0,0,0,0,0,4.7e-006,0,0,0,1.067e-005,0,0,0,0,0,0,0,2.26e-005,0.00182846,0.0001873,0.02774157,0.01986814,0.00061512,0.01832189,0.12988164,0.01405523,0.00440365,0.02370287,0.008577420000000001,0.01751813,0,0.00172547,0.01958826,0.01093023,0.02300481,0.01398953,0.00456122,0.00774654,0.0001492,0.00190904,0.00403938,0.00225077,0.00410422,6e-008,0,0,8e-007,6.6e-007,1e-007,1.2e-007,2e-008,6.473999999999999e-005,6e-008,0,0,0,3.885e-005,0,3.4e-007,0,1.1e-007,0,1.56e-006,9e-008,8e-008,1e-007,0,1.1e-007,8e-008,0.01880921,3.3e-007,5e-007,0,1.5e-007,3.2e-007,1.2e-007,0,0.00060123
0,0,0,0,0,0,0,0,0,0,0,0,0,0,0,0,0,0,0,0,0,0,0,0,0,0,0,0,0,0,0,0,0,0,0,0,0,0,0,0,0,0,0,0,0.00075878,0.00733015,0.00048286,0.00238371,0.00332727,0.03947624,0,0,0.00019236,0.00011544,0,0.00010866,1.812e-005,0,2.34e-006,0.00390142,0.00026532,0.00301234,0,0.00011157,3.366e-005,0.00050413,0.00059864,0,0,0,0,0,0,0,0,8.420000000000001e-006,0,0,0,0,0,0,0,0,6.49e-006,0,0.00101569,0,0,0,0,0,0,0.00187244,5.387e-005,0,0,0,0,0,0,0
2.194e-005,0.00013142,1.037e-005,1.103e-005,0.00109367,0.00169069,0.00022134,8.13e-006,3.6e-006,3.26e-006,3.59e-006,4.875e-005,6.65e-006,3.52e-006,8.379999999999999e-006,0.00057473,2.19e-006,2.7e-006,4.61e-006,3.23e-006,1.696e-005,1.37e-006,1.83e-006,2.05e-006,4.03e-006,7.52e-006,5.708e-005,3.2e-007,0,1.185e-005,6.7e-007,1.051e-005,2.92e-006,1.067e-005,1.36e-006,5.84e-006,1.85e-006,1.37e-006,2.63e-006,2.5e-006,9.3e-007,4.114e-005,5.56e-006,0.000286,0.00079155,0.00177276,0.00058135,0.00452608,0.00524128,0.00334412,0.05690363,0.00776212,0.01455271,0.00268156,0.04281562,0.01135305,0.01166611,0.01221881,0.00244225,0.00195358,0.00470291,0.00620357,0.00146257,0.00475749,0.00324517,0.00112835,0.00167004,9.629999999999999e-006,2.07e-006,0.00015072,5.87e-006,0.0002799,8.13e-006,5.688e-005,3.73e-006,0.00021153,1.59e-005,0.00011708,5.755e-005,2.277e-005,4.258e-005,0.00046561,1.71e-006,0.00083324,2.574e-005,0.0003522,0.00031313,0.00051908,0.00017509,5.885e-005,5.37e-006,2.42e-006,4.96e-006,0.00598674,5.206e-005,0.0008954600000000001,5.322e-005,0.0001986,3.993e-005,0.00011573,0,0.00130389
0,0,0,0,0,0,0,0,0,0,0,0,0,0,0,0,0,0,0,0,0,0,0,0,0,0,0,0,0,4.23e-006,0,0,0,0,0,0,0,0,0,0,0,0,0,0,0,0,0,0,0,0,2.45e-006,0.08379660999999999,0,0,0,0,0,0,0,9.635e-005,0.00126495,0,5.1e-006,0.00359455,0,0,0,0,0,0,0,0,0,0,0,0,3.545e-005,0,0,0,0,0,0,0,0,0.00036635,0.00040139,0,0,0,0,0,9.067e-005,0.00762079,1e-007,0.00010913,0,0,0,0,0,0
6.3e-007,0,2.997e-005,2.916e-005,1.18e-005,4.449e-005,2.202e-005,0,2.36e-006,1.578e-005,1.44e-006,0,2.803e-005,2.115e-005,4.79e-006,2.025e-005,1.049e-005,1.472e-005,1.938e-005,9.69e-006,1.079e-005,3.08e-006,4.58e-006,7.53e-006,2.823e-005,0.00025411,1.681e-005,2.23e-006,4.81e-006,3.29e-006,2.999e-005,2.942e-005,2.922e-005,2.301e-005,2.726e-005,2.452e-005,1.85e-006,4.84e-006,1.789e-005,5e-006,1.44e-005,2.163e-005,5.478e-005,1.69e-005,0.0005991,7.832e-005,2.449e-005,1.576e-005,2.538e-005,0.00050211,2.588e-005,2.188e-005,0.01615622,6.492e-005,2.785e-005,0.00025744,0.02026433,0.0191661,7.16e-006,0.00623547,0.00340589,3.143e-005,0.00029631,0.00151882,0.00024102,0.00228212,0.00279896,9.06e-006,1.659e-005,2.611e-005,6.564e-005,0.00013738,6.887e-005,0.0001219,8.18e-006,7.577e-005,0.00012582,3.563e-005,3.174e-005,0.00013663,0.00011442,6.442e-005,2.79e-006,0.00022102,0.00025547,0.00014286,0.00206535,1.348e-005,0.00010324,2.061e-005,8.945000000000001e-005,0.00012562,0.00010166,0.00664464,0.0003441,0.00036748,0.00010645,3.127e-005,3.457e-005,1.569e-005,0,0
0,0,0,0,0,0,0,0,0,0,0,0,0,0,0,0,0,0,0,0,0,0,0,0,0,0,0,0,0,0,0,0,0,0,0,0,0,0,0,0,0,0,0,0,0,0.00079935,0,1e-006,0,0,0,0,5.061e-005,0.06435247,0,0,0,0,0,0,0,0,0,0,0,0,0,0,0,0,0,0,0,0,0,0,0,0,0,0,0,0,0,0,0,0,0,0,0,0,0,0,0,0.00226493,6.293e-005,0,0,0,0,0,0,0
0,0,0,0,0,0,0,0,0,0,0,0,0,0,0,0,0,0,0,0,0,0,0,0,0,0,0,0,0,0,0,0,0,0,0,0,0,0,0,0,0,0,0,0.00065023,0.00058479,0.003093,0.00127767,0.06393205,0.02405304,0.11244902,0.00707662,0.05820744,0.09998049000000001,0.14089852,0.06862823,0.08239682,0,0,0.00688867,0,0.00240689,0.05271614,0.0148548,0,0,0,0,0,0,0,0,0,0,0,0,0,0,0,0,0,0,0,0,0,0,0,0,0,2.821e-005,0,0,0,0,0.00791803,0,0,0,0,0,0,0,0
0,0,0,0,3.11e-006,0,0,0,1.61e-006,3.51e-006,0,8.9e-006,0,3.08e-006,0,1.65e-006,2.19e-006,3.815e-005,0.00126304,0,3.6e-006,6.49e-006,7.32e-006,3.77e-006,0,1.384e-005,6.19e-006,9.599999999999999e-007,0,3.29e-006,2.33e-006,0,0,2.67e-006,0,0,1.32e-006,1.45e-006,3.16e-006,3e-006,0,0.00035714,7.92e-006,0.00479548,0.009331829999999999,0.00806922,0.00092113,0.09093119,0.03004727,0.21356314,0.0054353,0.06419682,0.21504779,0.24461488,0.18632884,0.25053219,4.72e-006,3.17e-006,0.006324,0.00120987,0.00152124,0.11555049,0.008518939999999999,0.00043985,0,7.4e-007,5.6e-007,1.578e-005,5.53e-006,1.645e-005,0,3.88e-005,6.807e-005,0,0,3.52e-006,0,1.76e-006,2.09e-006,0,0,1.962e-005,0.00019056,0.0051174,0.00177532,0.00283256,0.00349205,2.23e-005,0.00397517,1.23e-006,0,2.42e-006,7.36e-006,0.04748107,2.44e-006,9e-007,0,9.2e-007,3.79e-006,3.7e-007,0.02676555,0
0,0,0,0,0,0,0,0,0,0,0,0,0,0,0,0,0,0,0,0,0,0,0,0,0,0,0,0,0,0,0,0,0,0,0,0,0,0,0,0,0,0,0,0,0,0,0,0,0,0,0,0,0,0,0,0,0,0,0,0,0,0,0,0,0,0,0,0,0,0,0,0,0,0,0,0,0,0,0,0,0,0,0,0,0,0,0,0,0,0,0,0,0,0,0,0,0,0,0,0,0,0
0,0,0,0,0,0,0,0,0,0,0,0,0,0,0,0,0,0,0,0,0,0,0,0,0,0,0,0,0,0,0,0,0,0,0,0,0,0,0,0,0,0,0,0,0,0,0,0,0,0,0,0,0,0,0,0,0,0,0,0,0,0,0,0,0,0,0,0,0,0,0,0,0,0,0,0,0,0,0,0,0,0,0,0,0,0,0.00084121,0,0,0,0,0,0,0,0,0,0,0,0,0,0,0
8.31e-006,3.96e-006,6.92e-006,7.880000000000001e-006,8.070000000000001e-006,0,6.837e-005,0,2.32e-006,2.25e-006,1.44e-006,1.7e-006,3.33e-006,1.32e-006,7.58e-006,2.48e-006,1.31e-006,9e-007,2.54e-006,0,5.1e-007,3.4e-007,1.1e-006,1.03e-006,2.02e-006,7.5e-007,7.4e-007,1.9e-007,0,3.8e-007,3.3e-007,4.2e-006,1.17e-006,1.101e-005,1.36e-006,1.75e-006,1.06e-006,1.01e-006,1.05e-006,1e-006,0,9.7e-007,3.21e-006,2.69e-006,1.35e-006,0.00030295,1.29e-006,1.75e-006,4.4e-007,7.5e-007,2.7e-007,1.51e-006,5.5e-007,1.36e-006,9.5e-007,9e-008,0.60313124,0.60946523,0.41669892,0,0.0450573,2.15e-006,1.089e-005,7.52e-006,5.7e-006,9.19e-006,6.53e-006,2.03e-006,1.73e-006,2.19e-006,6.4e-006,1.01e-005,1.85e-006,1.86e-006,4.9e-007,7.7e-007,1.06e-006,5.9e-007,1.05e-006,0,1.06e-006,1.61e-006,1.42e-006,1.9e-006,3.85e-006,2.88e-006,4.1e-006,2.2e-006,1.75e-006,2.09e-006,3.38e-006,2.97e-006,2.48e-006,0.13972259,2.47e-006,7.880000000000001e-006,7.2e-007,5.49e-006,2.68e-006,7.97e-006,0,6.04e-006
0,0,0,0,0.04198258,0,4.635e-005,0,0,0,0,0,0,0,0,0,0,0,0,0,0,0,0,0,0,0,0,0,0,0,0,0,0,0,0,0,0,0,0,0,0,0,0,0,0,0,0,0,0,0,0,0,0,0,0,0,0,0,0,0.16206533,0,0,0,0,0,0,0,0,0,0,0,0,0,0,0,0,0,0.01358031,0,0,0,0.00021319,0,0,0,0,0.00376605,5.653e-005,1.977e-005,0,0,0,4.05e-006,0,4.7e-007,1.227e-005,0,0,0,0,0,0
0,0,0,0,0,0,0,0,0,0,0,0,0,0,0,0,0,0,0,0,0,0,0,0,0,0,0,0,0,0,0,0,0,0,0,0,0,0,0,0,0,0,0,0,0,0,0,0,0,0,0,0,0,0,0,0,0,0,0,0,0.2527974,0,0,0,0,0,0,0,0,0,0,0,0,0,0,0.06402477,0,0,0.08429416000000001,0,0,0.00053736,0,0,0,0,0.01522635,0,0,0,0,0,1.24e-006,0.00511297,8.060000000000001e-006,2.09e-006,0,0,0,0.0003613,0,0
3.13e-006,0,0.0031063,4.177e-005,1.118e-005,0,1.97e-005,0.00013011,1.28e-006,2e-006,1.44e-006,2.713e-005,2.233e-005,1.454e-005,1.118e-005,1.363e-005,0.00011323,3.274e-005,3.02e-006,2.261e-005,4.06e-005,1.06e-005,9.89e-006,5.82e-006,2.017e-005,4.86e-005,1.165e-005,2.6e-007,1.6e-006,9.516e-005,1.533e-005,2.312e-005,5.84e-006,1.434e-005,0.00037754,3.27e-005,4.75e-006,1.08e-006,8.420000000000001e-006,1.5e-006,3.72e-006,8.69e-006,5.157e-005,1.639e-005,0.0035491,0.008195839999999999,6.651e-005,0.00384605,0.0015705,0.00119556,1.253e-005,8.677e-005,0.00343689,0.00011599,7.402e-005,0.00059564,0.00043217,0.00046289,0.00061734,0.00267106,0.00050853,0.02078764,0.00090539,0.00017395,1.32e-006,7.232e-005,1.81e-006,0,0,8.732e-005,7.311e-005,0.00146621,6.757000000000001e-005,2.257e-005,1.89e-006,6.58e-006,1.238e-005,1.938e-005,2.93e-005,0.00014992,0.00014316,0.00014832,2.39e-005,9.76e-005,0.00055686,0.0009108500000000001,0.00079782,1.292e-005,1.999e-005,0.00886109,2.425e-005,3.182e-005,8.869000000000001e-005,0.00301778,0.00017564,0.00066803,2.282e-005,6.956000000000001e-005,2.636e-005,0.00118567,0,0
0.00014954,3.3e-006,0.00023629,0.00036099,0.00699679,0.00458267,0.00286812,0.00201674,0.00034961,0.00103961,7.2e-007,4.24e-006,0.00036533,0.0230251,0.00188315,0.009991389999999999,0.0001587,0.00011805,2.684e-005,0,0,0,4.869e-005,1.03e-006,3.832e-005,3.46e-006,3.953e-005,0,3.611e-005,0.0001354,0.00011163,0.01928351,0.00333194,3.34e-006,0.01095411,0.00342323,7.9e-007,1.45e-006,0.00334065,4e-006,1.39e-006,0.00150252,0.0002112,0.00016169,0.00200106,7.062e-005,1.083e-005,1.576e-005,0.00019079,0.00027573,0.00028549,0.00013883,0.00078661,2.934e-005,6.829e-005,0.00011249,0.00053299,0.00081543,0.00024766,0.00053462,3.581e-005,0.00443604,0.06071381,0.00171934,0.00805025,0.00236968,0.00316123,0.0001034,6.22e-006,0.00034949,0.0008868800000000001,0.00123426,0.00010138,9.42e-006,5.4e-007,2.464e-005,0.00020634,0.00023984,2.023e-005,7.59e-006,6.493e-005,7.702000000000001e-005,0.00079439,0.00318071,0.00358104,0.00696389,0.0130415,0.00298694,0.01005283,0.0009809,0.0039017,0.00180947,0.00656895,0.00076209,0.00757147,0.00575478,0.00188466,0.00185789,0.0037786,0.00748976,0.12019101,0.00101598
0,0,0,0,0,0,0,0,0,0,0,0,0,0,0,0,0,0,0,0,0,0,0,0,0,0,0,0,0,0,0,0,0,0,0,0,0,0,0,0,0,0,0,0,0,0,0,0,0,0,0,0,0,0,0,0,0,0,0,0,0,0,0,0,0,0,0,0,0,0,0,0,0,0,0,0,0,0,0,0,0,0,0,0,0,0,0,0,0,0,0,0,0,0,0,0,0,0,0,0,0,0
0.00700177,0.00492008,0.00223031,0.0015874,0.00149922,0.00511657,0.0067792,0.00597702,0.00153965,0.00239732,0.00080418,0.00012124,0.00280248,0.00486107,0.00316479,0.00488001,0.00960303,0.00620019,0.00230245,0.00625872,0.01043577,0.00492407,0.00751275,0.01092604,0.01634597,0.00249625,0.00645423,0.00051046,0.00659791,0.00569215,0.00255052,0.0015257,0.00743697,0.01653354,0.00213985,0.021278,0.00438982,0.00668932,0.00952744,0.00498797,0.00687644,0.00468527,0.01355197,0.00589635,0.00275258,0.00401197,0.00207505,0.00047994,0.00530619,0.00203329,0.00451888,0.0015445,0.00286691,0.00191229,0.0012789,0.00750656,0.00059618,0.00034082,0.00121409,0.00206838,0.00564275,0.00393371,0.00201118,0.00128353,0.00264745,0.0036041,0.003159,0.05352502,0.069632,0.04580401,0.00613157,0.00612882,0.00394734,0.01401773,0.05081237,0.03291085,0.00223,0.00465332,0.00013323,0.00633828,0.03103533,0.02362285,0.008085810000000001,0.01235962,0.00100339,0.00392844,0.01527054,0.01530007,0.0075759,0.00584904,0.00267024,0.00183942,0.0030895,0.00229479,0.00308692,0.01135474,0.00289693,0.00437031,0.0052669,0.00796152,0,1.107e-005
0,0,0,0,0,0,0,0,0,0,0,0,0,0,0,0,0,0,0,0,0,0,0,0,0,0,0,0,0,0,0,0,0,0,0,0,0,0,0,0,0,0,0,0,0,0,0,0,0,0,0,0,0,0,0,0,0,0,0,0,0,0,0,0,0,0,0,0,0,0,0,0,0,0,0,0,0,0,0,0,0,0,0,0,0,0,0,0,0,0,0,0,0,0,0,0,0,0,0,0,0,0
0,0,0,0,0,0,0,0,0,0,0,0,0,0,0,0,0,0,0,0,0,0,0,0,0,0,0,0,0,0,0,0,0,0,0,0,0,0,0,0,0,0,0,0,0,0,0,0,0,0,0,0,0,0,0,0,0,0,0,0,0,0,0,0,0,0,0,0,0,0,0,0,0,0,0,0,0,0,0,0,0,0,0,0,0,0,0,0,0,0,0,0,0,0,0,0,0,0,0,0,0,0
0.00517691,0.0094165,0.02600304,0.00625346,0.00504606,0.11790354,0.02754672,0.06833317999999999,0.0116321,0.008571580000000001,0.00802956,0.00179571,0.02182506,0.01061029,0.01485724,0.008866310000000001,0.06406236999999999,0.00798626,0.01111294,0.0276669,0.12671702,0.01383765,0.02843367,0.01298182,0.05405765,0.00429111,0.01095838,0.0059894,0.01167914,0.01994505,0.01746608,0.008895719999999999,0.02194452,0.02708084,0.02187415,0.02752717,0.03800052,0.01621094,0.0765967,0.00981552,0.03313077,0.01741817,0.0095957,0.0173768,0.00841742,0.00817002,0.01394275,0.00624752,0.00896078,0.00368011,0.01249721,0.00707212,0.00599658,0.0056725,0.02438892,0.01618424,0.00469168,0.00344362,0.009483210000000001,0.01281247,0.01376183,0.01041934,0.00738744,0.00209905,0.00294549,0.00477632,0.0060726,0.03555021,0.02119912,0.04904813,0.03587345,0.01359253,0.00260196,0.01982058,0.00014694,0.0519449,0.00527949,0.00086539,0.00301518,0.00683168,0.05245607,0.01873552,0.00832957,0.00598272,0.00618012,0.00238545,0.01045823,0.01137899,0.03258037,0.01038106,0.00252513,0.00356797,0.00138833,0.01047364,0.00320459,0.0246579,0.01416671,0.02310801,0.01147833,0.01305543,0,0.00587644
1.379e-005,1.65e-006,0.00027086,7.9e-007,8.070000000000001e-006,0,9.271e-005,0.00036594,0.00222019,0.00214822,0.00105907,0.00016829,0.00340631,0.00023437,0.00010138,0.00030782,0.00127962,0.00083566,5.305e-005,0.008380479999999999,0.00175094,0.00025808,0.00126384,0.00106864,0.00117578,0.00151231,0.00129495,6e-006,0.00067086,0.00122321,0.00105233,0.00017232,0.008727789999999999,0.00029918,0.01064745,0.00145501,0.00188669,0.00403417,0.00742151,0.00016941,0.0004557,0.00176405,0.00106284,0.00208076,0.00059786,0.00042165,0.00051896,0.00044543,0.0008891800000000001,0.00028891,0.00291951,0.0003003,0.00043928,0.00011735,0.00278672,0.00126056,0.00071847,0.00174708,0.00178581,0.00150137,0.0017495,0.00100223,0.00041539,0.00080702,0.0008406000000000001,0.0005322700000000001,0.0006149,0.0008132,0.01495785,0.00106645,0.00277056,0.00257576,0.00061902,0.00162248,2.854e-005,0.00057153,0.00052888,0.00043681,0.00052038,0.00056361,0.0001538,0.00072756,0.00076713,0.00093437,0.00012475,0.00037322,0.00113867,0.00211119,0.00333632,0.00251818,0.00154871,7.354e-005,5.885e-005,0.00027662,0.00028933,0.00136578,0.009467710000000001,0.01379812,0.00546294,0.0035375,0,0.00073261
0.0002276,0.00229461,0.00159983,0.00029715,0.00036891,0.00636234,0.00283336,0.00358621,0.00307669,0.00431823,0.00108564,0.00044511,0.0029393,0.00060224,0.0007895000000000001,0.00068339,0.00639393,0.00117359,0.00065932,0.00598421,0.00427791,0.00286762,0.00688907,0.0075729,0.00730678,0.00329784,0.00340609,0.00046012,0.00079525,0.00145339,0.00132824,0.00115583,0.00256703,0.00292275,0.00304076,0.00259881,0.00102492,0.00185602,0.00205016,0.00113043,0.00203093,0.00122052,0.00122953,0.00105632,0.00095195,0.00109763,0.00093943,0.00042467,0.00120964,0.0007296200000000001,0.00135147,0.00073188,0.00069794,0.00014858,0.00175486,0.00262796,0.0006798900000000001,0.00053418,0.00061068,0.00101717,0.00092894,0.00211164,0.00205404,0.00099647,0.00140673,0.00063674,0.00062004,0.000803,0.00362257,0.09775971999999999,0.01089893,0.00205641,0.0012717,0.00235259,6.2e-005,0.00521632,0.00173305,0.0005112,0.00026995,0.00182558,0.00383817,0.0059559,0.00357461,0.00219333,0.00015854,0.00059643,0.00352143,0.009235470000000001,0.00661106,0.00588509,0.00304156,0.0001582,0.00029796,0.0020944,0.00094412,0.0058274,0.0121568,0.0127418,0.01959682,0.00520658,0,0.00856526
0,0.00029124,0.00146613,0,0,0.00431571,0.00137206,0.00170772,0.00020416,0.00023006,0.001347,4.282e-005,0.00464816,0.00018679,0.00057676,0.00019667,0.00194063,0.00042624,0.00047174,0.00435656,0.00592916,0.0012846,0.00184853,0.00358632,0.00356364,0.00238462,0.00239049,0,0.0002608,4.795e-005,0.00034922,0.00038668,0.00111143,0.00277666,0.00022898,0.00455419,0.00042838,0.00039291,0.00096484,5e-007,0,0.00050857,0.0002878,0.00036653,0.00117488,0.00170027,0.00145633,0.00113571,0.00035095,5.047e-005,0.00064618,0.00037764,0.00030668,9.697e-005,0.00026173,0.00031177,0.00057867,0.00047827,0.0001177,0.00049936,0.00285937,0.00019099,0.00088014,0.00033514,6.47e-006,0.00331945,0.00383463,0.00660518,0.00139851,0.00147869,0,0.00114658,0.00143233,0.00017854,4.74e-006,0.01169891,0.00156638,0.00108957,0.00054932,0.00238729,0.00115007,0.0037233,0.00336232,0.00568286,0.00013072,0.00076168,0.01773922,0.00281641,0.00187465,0.00481883,2.425e-005,8.257e-005,0.0002068,0.00055711,0.00013759,0.00695118,0.0105414,0.02999487,0.00914573,0.008655690000000001,0,0.00368165
0.05316527,0.02807351,0.03393073,0.02063783,0.05686115,0.02740701,0.04759692,0.01952493,0.0956902,0.05883496,0.08896999,0.008248129999999999,0.06348697,0.09499439,0.07693969000000001,0.09191773,0.09594875,0.08466005,0.06427196,0.04481863,0.0424564,0.01360725,0.04346173,0.03610318,0.04637374,0.03906983,0.06346227,0.00757158,0.06396004,0.07528952999999999,0.06439242000000001,0.11865158,0.04389195,0.04434049,0.06084664,0.0526266,0.03288794,0.03964669,0.06153325,0.09551103,0.04576367,0.0601287,0.05943476,0.05128391,0.0620426,0.06202867,0.05318575,0.08678851999999999,0.06597586,0.06576624,0.06361820999999999,0.08633254999999999,0.07650153,0.06096983,0.04463744,0.04121874,0.02157166,0.02031943,0.06404818,0.07386755,0.04565926,0.05989669,0.09328831,0.07188466,0.0816836,0.05856918,0.05324034,0.02122811,0.03315918,0.02348679,0.02058068,0.02062778,0.00671326,0.00220243,0.00118394,0.0039202,0.01912928,0.02112308,0.00606174,0.008006350000000001,0.01194452,0.01451001,0.00546781,0.00962123,0.01718739,0.04530739,0.01634947,0.01133236,0.03564003,0.05716339,0.03766165,0.00933735,0.01216416,0.09342833,0.01148736,0.02546518,0.1155149,0.07880186,0.02721132,0.0284106,0.21327124,0.01928103
0.016264,0.02232825,0.01448494,0.01958166,0.02278085,0.01695141,0.09304187999999999,0.05977019,0.0086754,0.01242417,0.01199875,0.00892724,0.04446297,0.04560612,0.02069388,0.02425459,0.01769211,0.0174399,0.0177822,0.02084948,0.01820632,0.0106323,0.01382609,0.01718069,0.01295173,0.01182846,0.02027329,0.00555346,0.00634914,0.00505887,0.01413348,0.01353376,0.02340655,0.03320417,0.03288415,0.02149345,0.00931446,0.00867571,0.01396446,0.01310835,0.0263254,0.01377959,0.02288212,0.01385681,0.0146206,0.01357993,0.02157448,0.00885732,0.009536060000000001,0.00757605,0.01112912,0.01041803,0.00891465,0.01155117,0.01327391,0.008619709999999999,0.00687253,0.007293,0.00544187,0.02993552,0.01513671,0.02643543,0.05786768,0.0136101,0.00857955,0.02544675,0.01975125,0.03855464,0.01174166,0.00638008,0.01403529,0.05531457,0.10807361,0.07008529,0.05563417,0.11297152,0.01992471,0.04295962,0.02550571,0.02654107,0.01732659,0.02331317,0.0182098,0.01259424,0.01171841,0.01276885,0.00406048,0.00198751,0.02158915,0.01357341,0.01815556,0.01528639,0.08552909,0.01117965,0.04177077,0.02078401,0.01132697,0.0401225,0.00747686,0.01191427,0,0.58701832
0.00013465,1.453e-005,0.0016978,0.0013675,0.00046206,0.01170137,0.00579419,0.02328191,0.00159666,0.00161858,9.909e-005,9.330000000000001e-006,0.00323385,0.00381652,0.0015806,0.00461186,0.00248229,0.00317444,0.004346,0.00182142,0.00275618,0.00222703,0.00231606,0.00257965,0.00214988,0.00517876,0.00176366,0.00027995,0.00161136,0.0029818,0.00273513,0.00183672,0.00225148,0.00413747,0.00377813,0.00277922,0.00102887,0.00162754,0.00444333,0.00145726,0.00148325,0.00171499,0.00475698,0.00304643,0.0027306,0.00271095,0.00398537,0.00153887,0.00276322,0.00229734,0.00413913,0.0028917,0.00245151,0.00162083,0.00160721,0.00149429,0.00093295,0.00039112,0.00054942,0.00231232,0.00191797,0.00276144,0.00164026,0.0025247,0.00292926,0.00232883,0.00276838,0.00759445,0.01450619,0.00180097,0.00271159,0.0270094,0.01370669,0.02269846,0.00317657,0.00223301,0.00531946,0.05624938,0.00509145,0.04874781,0.09048334,0.02005534,0.0158367,0.00602812,0.03073203,0.00861554,0.00095678,0.00133489,0.01932875,0.00613559,0.01886084,0.00051105,0.008870599999999999,0.00297023,0.00579975,0.01269548,0.01260307,0.01425878,0.0252356,0.01120295,0,0.00337336
0,0,0,0,0,0,0,0,0,0,0,0,0,0,0,0,0,0,0,0,0,0,0,0,0,0,0,0,0,0,0,0,0,0,0,0,0,0,0,0,0,0,0,0,0,0,0,0,0,0,0,0,0,0,0,0,0,0,0,0,0,0,0,0,0,0,0,0,0,0,0,0,0,0,0,0,0,0,0,0,0,0,0,0,0,0,0,0,0,0,0,0,0,0,0,0,0,0,0,0,0,0
0.00023669,8.817000000000001e-005,0.00082297,0.00105853,0.00134706,0.01583912,0.00463767,0.00735946,0.0008587,0.00055994,0.0004545,0.0003989,0.00206136,0.00202258,0.0008597500000000001,0.00142793,0.00153056,0.00178397,0.00369701,0.00076216,0.00139017,0.00082518,0.0010914,0.00140556,0.001563,0.00393801,0.00213224,0.00029756,0.00110179,0.00297682,0.00214331,0.0006914,0.00179277,0.00145654,0.00200219,0.008471380000000001,0.00060036,0.00064591,0.00114792,0.00036082,0.00101871,0.00146196,0.00444564,0.00123068,0.00184915,0.00143038,0.00391525,0.00244073,0.00132589,0.00347859,0.00172114,0.00222885,0.00460889,0.00245692,0.00161026,0.00344247,0.00049496,0.00047461,0.00040075,0.00168258,0.00113291,0.00158004,0.00154759,0.00150205,0.00166453,0.00211267,0.0009391,0.00078184,0.0007574800000000001,0.0007547,0.01270124,0.0061848,0.00818635,0.00056227,1.654e-005,0.00055439,0.00190594,0.00189994,0.0006571,0.00641229,0.00170674,0.00127063,0.00174748,0.00398431,0.00053916,0.00194094,0.00515407,0.00379164,0.00594933,0.00185955,0.00378302,0.00111534,0.00165736,0.0006447100000000001,0.00118975,0.00207131,0.00199555,0.00114372,0.0014883,0.00201947,0.00073132,0.0137544
0.0108178,0.03852126,0.008283860000000001,0.01492034,0.009304,0.007919560000000001,0.01303924,0.00735946,0.02179171,0.01543728,0.02711585,0.00308483,0.01203086,0.01262891,0.02406264,0.02309109,0.02442136,0.02814041,0.01517034,0.01904421,0.01222063,0.00979242,0.01446534,0.01377825,0.01553724,0.009513499999999999,0.01665717,0.00264776,0.01898001,0.01318973,0.01188687,0.0140066,0.01603211,0.0441457,0.02101821,0.02669982,0.0190031,0.00745273,0.03024212,0.02390887,0.01922923,0.0199301,0.01506309,0.01267682,0.01038726,0.00863538,0.01145315,0.01071157,0.00976288,0.00650818,0.0120755,0.00963145,0.0093553,0.00651049,0.00970334,0.00982657,0.01232193,0.01215216,0.00918858,0.01468487,0.008463500000000001,0.008644550000000001,0.01537074,0.02273039,0.02230421,0.02587221,0.0278984,0.007118,0.02343632,0.00570633,0.02203586,0.00431974,0.00505581,0.00078955,0.00013609,0.00080081,0.00370965,0.00219205,0.00286974,0.00227153,0.00321391,0.00512277,0.01001872,0.00625811,0.00308297,0.01419976,0.00700943,0.0028365,0.008038139999999999,0.00744116,0.009675319999999999,0.00271509,0.00253704,0.008939280000000001,0.00270681,0.00341195,0.01338768,0.008579089999999999,0.00279082,0.01491049,0.04512887,0.00436795
0.00337995,0.00583905,0.00113648,0.00071882,0.00241403,0.0021801,0.00269777,0.00112222,0.00150508,0.00106954,0.00476475,0.00039763,0.0007834,0.000415,0.00477852,0.0016527,0.00361829,0.00198072,0.00097556,0.008335270000000001,0.00596359,0.00328089,0.00318981,0.00286316,0.00329944,0.00086478,0.00188859,0.00755409,0.02778872,0.0007030400000000001,0.0009926799999999999,0.00100242,0.00226668,0.00951568,0.00430559,0.00550181,0.01141204,0.00238595,0.00978101,0.0074782,0.0284483,0.00309351,0.00296405,0.00241515,0.00137728,0.00114414,0.00203767,0.00075781,0.00108449,0.00039814,0.00112019,0.00090203,0.00053805,0.00045987,0.00069439,0.00074824,0.00293727,0.00302052,0.00183346,0.00229838,0.00129048,0.00071185,0.00114957,0.00127734,0.00097064,0.00207411,0.00216404,0.00618296,0.00651358,0.00062,0.00068757,0.00038511,0.00022005,0.0001226,3.381e-005,9.413e-005,0.00463982,0.36282411,0.00130303,0.00022962,0.00025865,0.00033135,0.00032746,0.00028137,0.00031753,0.00082404,0.00030397,0.00026298,0.00062204,0.00032192,0.000391,0.00016921,0.00015952,0.00114779,0.00021777,0.00049695,0.00055329,0.00049651,0.00034378,0.00055587,0.00346355,0.00114006
4.86e-006,0,0.009185199999999999,0.00087804,0.00044902,0.00311443,0.00219252,0.00322027,0.00020664,0.00027653,0.00027715,5.85e-005,0.00148034,0.00221907,0.000374,0.00157089,0.00030821,0.0003917,0.00272574,0.00046827,0.0005745700000000001,0.0003179,0.00045087,0.00047423,0.00066755,0.00417963,0.00105661,0.00019319,0.00047907,0.0007927500000000001,0.00056482,0.00036987,0.00054753,0.00074011,0.00100995,0.00219068,0.00017119,0.00042668,0.0006292,0.00024488,0.00040368,0.00047438,0.00318145,0.0007273,0.00095568,0.00080222,0.00186159,0.00068328,0.00072902,0.00106825,0.00082924,0.00128646,0.00144744,0.00141412,0.00087485,0.00218756,0.00031037,0.00046216,0.00040159,0.0001644,0.0008053100000000001,0.00074811,0.00061927,0.00020762,0.00037962,0.00064717,0.00031919,0.00050522,0.00019836,0.00040456,0.00245465,0.0039901,0.0009538800000000001,0.00031754,2.008e-005,4.684e-005,0.00031497,0.00045638,0.00727479,0.00313878,0.00047046,0.00047337,0.00301642,0.00454433,0.0030921,0.01170786,0.00127407,0.00243804,0.00264737,0.00085348,0.00371683,0.00205377,0.00146668,0.00060853,0.0021634,0.00182692,0.00042933,0.00079776,0.00109227,0.00131758,9.487000000000001e-005,0.00348258
0.00053216,0.00149815,0.00035846,0.0001734,0.00055212,8.898000000000001e-005,0.00032563,0.00012198,0.00109213,0.00058837,0.00099373,0.00012082,0.00045275,0.00046522,0.00086135,0.0008342,0.00121513,0.00126791,0.00081926,0.00064912,0.00055247,0.00072912,0.0007661,0.00073171,0.0008046900000000001,0.00034122,0.0007221,0.00048584,0.00078,0.00041005,0.00041553,0.00050647,0.0006048,0.00201354,0.00074963,0.00121328,0.00057992,0.00025452,0.00090382,0.0008930500000000001,0.0005082,0.00057559,0.00047867,0.00043707,0.00033087,0.00029074,0.00036917,0.00038616,0.00034744,0.00031151,0.00045848,0.00036745,0.00038758,0.00032297,0.00035769,0.00033602,0.00058189,0.00059278,0.00038539,0.00053503,0.00032324,0.00027883,0.00058614,0.0007311,0.00071384,0.0008063700000000001,0.00094521,0.00038268,0.00097519,0.00015752,0.00010619,8.837e-005,5.894e-005,1.873e-005,7.34e-006,0.00027031,0.00033832,0.00023025,0.00028704,0.00122211,8.036e-005,0.00015872,0.00035341,7.313e-005,0.00014756,0.0006744500000000001,0.00010183,6.651e-005,0.00025408,0.0003231,0.00020793,0.00058646,5.05e-005,0.00037623,7.269e-005,0.00011551,0.0005911,0.0004027,0.00011144,0.00013314,0.00200948,0.0001583
0.00151842,0.00423424,0.00101546,0.00062267,0.0019321,0.00022246,0.00058637,0.00036594,0.00510916,0.00216688,0.01577121,0.00097882,0.00219438,0.00198425,0.00229626,0.00194275,0.00344561,0.00360729,0.00212265,0.00476024,0.00302291,0.00127537,0.00172533,0.00173872,0.00220837,0.0009625700000000001,0.00189803,0.01414564,0.00255266,0.00276742,0.00154184,0.00297575,0.00329337,0.00466312,0.00297671,0.00474395,0.00251646,0.00100187,0.00317388,0.0027671,0.00540156,0.00557724,0.00175142,0.00154293,0.00105667,0.00083606,0.00136868,0.00089511,0.00122043,0.00071756,0.0023112,0.00123138,0.00113667,0.00085048,0.00111389,0.00111607,0.00112527,0.00111695,0.00099198,0.00144028,0.00093797,0.00100734,0.0017934,0.00120383,0.00119631,0.00171184,0.00196505,0.00439862,0.01401307,0.00036682,0.00020037,0.00026837,0.00022211,7.339e-005,2.85e-005,9.964e-005,0.00014419,0.00019833,0.00041016,0.00022772,0.00022778,0.00051364,0.00026544,0.00135656,0.00060719,0.0021805,0.00592015,0.00023074,0.00092767,0.00057376,0.00065578,0.00036617,0.00010563,0.0008019,0.00016705,0.00034683,0.00173029,0.00107507,0.00020725,0.00024361,0.00409669,0.00039688
0.0014134,0.00052074,0.00343941,0.00139115,0.00359217,0.01023314,0.02319297,0.00342357,0.00130941,0.00182923,0.00239027,0.00053329,0.00201528,0.0009278100000000001,0.00313605,0.00176673,0.00372584,0.0006172900000000001,0.00218364,0.00462138,0.00300235,0.00033636,0.00151408,0.00271079,0.00173644,0.00133554,0.00261098,6.782e-005,0.00059623,0.00203269,0.00129559,0.00156983,0.00947925,0.00419384,0.0046845,0.00181292,0.00034107,0.00432043,0.00082911,0.00085257,0.00123286,0.00243023,0.00129158,0.00184148,0.00143378,0.00095592,0.00153547,0.00120799,0.00549027,0.00183779,0.00213794,0.00062323,0.00106805,0.00222358,0.0010103,0.00070667,9.684e-005,0.00053247,0.00141832,0.00028166,0.0005474600000000001,0.00123352,0.00488071,0.00336578,0.00218636,0.00375688,0.0021967,0.00075117,0.00062271,0.00080955,0.00262408,0.00795628,0.00064215,0.00066858,0.00016732,0.02062909,0.05942529,0.04292379,0.31209363,0.02373249,0.01069919,0.0030423,0.00066858,0.0008191,0.00148641,0.0034474,0.00152954,0.00088288,0.00080648,0.00075766,0.00115552,0.00108595,0.00317306,0.00046991,0.00088751,0.00552196,0.00074251,0.03316091,0.00110853,0.00283709,0,0.00414119
0.00073609,0.00020506,0.00280316,0.00115154,0.00296118,0.01156789,0.00425757,0.01915086,0.0009915600000000001,0.00110648,0.00061319,0.00039933,0.00313029,0.00423857,0.00140937,0.00352438,0.00153165,0.00244842,0.00397417,0.00162443,0.00198324,0.00081458,0.00104856,0.00180172,0.00231122,0.02502977,0.00253459,0.00064521,0.00106488,0.00212879,0.00483345,0.00191028,0.00286505,0.00234173,0.00274228,0.00282885,0.00041875,0.0008710700000000001,0.00290821,0.00058021,0.00228874,0.0037282,0.00807195,0.00317074,0.00435019,0.00317522,0.00480106,0.0032118,0.00387513,0.00349629,0.00307316,0.00306222,0.00355148,0.00394682,0.00271823,0.0025636,0.00134474,0.00063135,0.00135535,0.001043,0.00276501,0.00340909,0.00626682,0.00313543,0.02296958,0.01298044,0.0091877,0.00340035,0.00499344,0.00716001,0.00630233,0.02269775,0.01917419,0.00579471,0.00059076,0.00477428,0.00717745,0.00944564,0.00516922,0.00778811,0.01969112,0.00900464,0.10263111,0.03881793,0.02378922,0.02013343,0.01079983,0.00241021,0.0223377,0.00551465,0.02343979,0.04272222,0.00369923,0.0070884,0.01074804,0.00526261,0.01311201,0.008693340000000001,0.00845248,0.00690373,0,0.009895080000000001
4.154e-005,1.255e-005,4.265e-005,2.68e-005,3.73e-006,8.898000000000001e-005,5.331e-005,8.132e-005,1.391e-005,2.279e-005,4.31e-006,2.671e-005,2.66e-005,2.687e-005,1.956e-005,2.686e-005,2.667e-005,2.673e-005,2.653e-005,2.584e-005,2.672e-005,2.564e-005,2.599e-005,2.636e-005,2.622e-005,3.91e-006,2.655e-005,2.482e-005,2.086e-005,2.661e-005,2.666e-005,2.522e-005,2.63e-005,2.668e-005,2.726e-005,2.686e-005,2.611e-005,2.661e-005,2.63e-005,2.649e-005,3.298e-005,2.665e-005,2.675e-005,2.65e-005,2.634e-005,2.652e-005,2.655e-005,3.501e-005,2.669e-005,2.674e-005,2.588e-005,2.905e-005,2.66e-005,2.689e-005,2.652e-005,1.741e-005,2.66e-005,2.661e-005,2.66e-005,2.665e-005,2.647e-005,2.686e-005,2.641e-005,8.924000000000001e-005,0.00010636,5.486e-005,5.836e-005,5.77e-006,5.87e-006,1.426e-005,0.00020144,0.00024868,0.00018104,0.0002417,4.959e-005,9.106999999999999e-005,4.308e-005,7.773e-005,2.895e-005,5.503e-005,4.63e-005,0.00035199,3.755e-005,0.02111554,1.442e-005,0.00082954,9.596e-005,6.772e-005,1.817e-005,0.00014405,0.00028008,0.2461672,0.00015588,0.00016991,8.62e-005,0.00214034,0.00428443,0.00081393,0.00367821,9.734e-005,0,0.01033524
0.00203067,0.00142022,0.00504039,0.00044375,0.00171038,0.005517,0.0020778,0.00356995,0.0021999,0.00452337,0.00294961,0.00127005,0.0026077,0.00236005,0.00228389,0.00611416,0.00372846,0.00318075,0.00320034,0.00614246,0.0027531,0.00163498,0.00303951,0.00373184,0.00351726,0.01439407,0.00362261,0.0002002,0.00112266,0.00331974,0.00421365,0.00285806,0.00518607,0.00343872,0.00830179,0.00675188,0.00232377,0.00175935,0.00374311,0.00398348,0.00323638,0.0041288,0.00389336,0.00576052,0.00622973,0.00859851,0.00626693,0.00550572,0.01151498,0.01793611,0.01037942,0.00290339,0.01164214,0.0284239,0.00576153,0.00560396,0.00139275,0.001323,0.00172637,0.00265548,0.00303251,0.00403874,0.00428229,0.00177296,0.00103205,0.00321838,0.00392065,0.01342324,0.01614245,0.03838359,0.00289836,0.01496928,0.03438859,0.00320495,0.00028577,0.00075995,0.00389991,0.00326772,0.00662537,0.00404587,0.01106854,0.01423752,0.02560256,0.00812004,0.02325265,0.01561501,0.01686672,0.00361229,0.02066338,0.00641248,0.0234712,0.00695055,0.008137210000000001,0.0009590100000000001,0.01237243,0.01737506,0.00177521,0.008305750000000001,0,0.00471348,0,0.00487632
1.411e-005,3.038e-005,0.0018292,0.00020099,0.00058006,0.00364834,0.00269314,0.00341544,0.00049013,0.00031209,0.00017807,9.792e-005,0.00291983,0.00388965,0.0005448300000000001,0.00191093,0.00081118,0.00198372,0.0008462600000000001,0.01066372,0.00153612,0.00032508,0.00060904,0.00084299,0.00113746,0.00373851,0.00148712,5.991e-005,0.00047747,0.00091856,0.00332627,0.00357678,0.00209488,0.00251817,0.00450458,0.00310736,0.00083236,0.0004765,0.0010185,0.00050424,0.00077298,0.00049833,0.0017097,0.0021335,0.00108591,0.00127575,0.00117532,0.00159364,0.00226627,0.00231014,0.00250353,0.00161995,0.00252136,0.00166538,0.0025597,0.00202584,0.00073645,0.00074927,0.00047692,0.00063097,0.00092987,0.0013184,0.00208438,0.00055812,0.00039859,0.00033667,0.00024082,0.00088251,0.00090158,0.00199162,0.00173053,0.00300324,0.00337468,0.00031452,4.659e-005,0.00083189,0.00138592,0.00084444,0.00170029,0.00284084,0.00270407,0.00182072,0.00127139,0.1863831,0.01666168,0.04104131,0.0072347,0.00804238,0.01772453,0.0031768,0.02243972,0.23731514,0.00199004,0.00043618,0.00459171,0.01573417,0.00243648,0.00492509,0.0047667,0.004387,0,6.240999999999999e-005
0,0,0,0,0,0,0,0,0,0,0,0,0,0,0,0,0,0,0,0,0,0,0,0,0,0,0,0,0,0,0,0,0,0,0,0,0,0,0,0,0,0,0,0,0,0,0,0,0,0,0,0,0,0,0,0,0,0,0,0,0,0,0,0,0,0,0,0,0,0,0,0,0,0,0,0,0,0,0,0,0,0,0,0,0,0,0,0,0,0,0,0,0,0,0,0,0,0,0,0,0,0.27926753
3.61e-006,1.98e-006,0.00048179,7.9e-007,0,0.0071187,4.983e-005,2.44e-005,0.00018126,0.00012787,0.0001436,0,9.5e-007,1.32e-006,0.00014569,2.48e-006,0.0003622,9e-007,7.9e-007,8.397e-005,0.00046819,0.00041293,0.00040731,0.00078958,0,0.00019935,0.00058346,1.589e-005,2.41e-006,1.805e-005,0.0005888100000000001,0,0.00023257,0.00043126,0.00167372,0.00033164,4e-007,5.8e-007,0.00062183,0,0,0.00018639,0.00096376,0.00043054,0.00066318,0.00075657,0.00076413,0.00026061,0.00139693,0.00065579,0.00101449,0.0022945,0.00158359,0.0002844,0.00069077,0.00165245,0.00017256,0.00015747,0.00030822,0.00067115,0.00010775,0.00040293,0.00014063,6.863e-005,2.292e-005,0.00021671,0.00020288,0.00102747,0.00065105,9.105e-005,0.00020544,0.00024126,0.00020737,1.873e-005,2.3e-007,0.00416877,0.00011103,7.264e-005,6.976e-005,3.8e-006,0.00013624,0.00028215,0.00546713,0.00070247,0.00329856,0.00084574,3.968e-005,1.47e-006,4.6e-007,0.00013065,8e-007,3.798e-005,0.00022821,2.37e-006,0.00115855,0.00011391,0.00031844,0.00035038,0.00111595,0.00064267,0,0.00033321
0.00056899,0.00027803,0,0.00309284,0.00129055,0.01695141,0.00185762,0.01940295,0.00569145,0.0077306,0.00230411,0.00694416,0.007901490000000001,0.00462846,0.00094517,0.008680800000000001,0.00865108,0.00450213,0.00072174,0.04491229,0.0513432,0.0127725,0.03582688,0.04347441,0.03733657,0.17099985,0.05625467,0.00217309,0.00297395,0.02342567,0.03334134,0.00352004,0.05739326,0.01941059,0.04354386,0.0372311,0.00722717,0.008258720000000001,0.01219365,0.00016392,0.01730283,0.02209899,0.0136581,0.00596023,0.02490003,0.03690151,0.01042503,0.05289484,0.06610553,0.08708150000000001,0.09275066999999999,0.07781364,0.07187300000000001,0.06269197999999999,0.10302056,0.09965046,0.03490587,0.04864402,0.03449171,0.01538185,0.0232614,0.06277606,0.02241044,0.00118309,0.00064103,0.00125447,0.00134056,0.02407756,0.01359078,1.207e-005,0,0.0028576,0.00026102,0,0,0.00338969,0.00116468,0.00110777,0.00094867,0.0008179,0.00479239,0.00099755,0.01129392,0.00253043,0.00717432,0.00125357,0.0001271,0,0.00646197,2.089e-005,0,0.00015985,0.0001091,0.00201572,0.00109877,0.00016708,0,0,0,9.538e-005,0,0.03467807
0,0,0.0009901000000000001,0,0,0,0,0,0,0,0,0,0,0,0,0,3.5e-006,1.5e-006,4.77e-006,0,0,0,1.1e-006,0,0,5.416e-005,0,0,0,6.6e-007,6.7e-007,0,0,0,0,0,0,3.47e-006,0,0,0,0,0,0,0,0,0,0,0,0,0,0,0,0,0,0,0,0,0,0,0,0,0,1.3e-007,4.4e-007,4.9e-007,5.6e-007,0,7.95e-006,4.519e-005,0,1.995e-005,2.727e-005,4.65e-006,8.7e-007,2.265e-005,0,8.439e-005,0,0,0.0006216,0.00012665,7.352e-005,0.00012125,2.53e-006,4.464e-005,8.36e-006,4.49e-006,1.764e-005,0.01779253,1.054e-005,2.312e-005,0,0,7.66e-006,1.905e-005,7.413e-005,3.05e-006,4.58e-006,7.295e-005,0,0.00023707
0,0,0,0.00017025,0.00188552,0.00084535,0.00197002,0.00413106,0.00074211,0.0009669700000000001,0.00062611,0.00052608,0.00073542,0.0016252,0.0005105,0.0005933200000000001,0.00098583,0.00064552,0.00066504,0.00114,0.00106742,0.00087474,0.00097955,0.00089024,0.00130082,0.00323827,0.0013858,0.00037533,0.00055451,0.00066412,0.00140255,0.00038668,0.00114415,0.00127276,0.00107265,0.00073451,0.00121866,0.00055242,0.00149356,0.00096751,0.00031124,0.00035849,0.00118908,0.0012609,0.00165236,0.00126587,0.00326636,0.00208234,0.00078883,0.0006185,0.00063528,0.0006677500000000001,0.00150719,0.00106616,0.00047577,0.00075827,0.0002443,0.00033154,0.00027617,0.00064491,0.00064026,0.00065625,0.000923,0.00052449,0.0020323,0.00112619,0.00107987,0.00123541,0.00316124,0.01023849,0.00190743,0.00049761,0.00247987,0.00090935,0.00022005,0.00035189,0.00158369,0.00118707,9.836e-005,0.00183886,0.00443742,0.00192922,0.00073777,0.00200357,0.00083663,0.00185055,6.57e-006,0.00052396,0.0029216,0.00115315,0,0.00180485,0.00158752,0.00163428,0.00245747,0.01330027,0.00153734,0.0010586,0.00142374,0.00206495,0,0.00269561
0.00025738,0,0.00624488,3.074e-005,0.00074526,0.00413775,0.00453337,0.00458645,0.01034679,0.03084364,0.00230124,0.02591608,0.00306187,0.0054893,0.0020448,0.01195149,0.00877676,0.01649519,0.00169332,0.00653645,0.00568607,0.00043242,0.00192542,0.0029111,0.00606848,0.05072226,0.06177751,0.00030739,0.00056173,0.00561401,0.008346330000000001,0.008477510000000001,0.00379123,0.00304482,0.01074422,0.00462134,0.00123146,0.00177432,0.00305025,0.00122838,0.00203,0.00220308,0.0057507,0.00304413,0.00552413,0.00555941,0.00568893,0.00894461,0.0063055,0.008274790000000001,0.00868525,0.01349308,0.01166083,0.010918,0.008976319999999999,0.00474523,0.01342429,0.0057305,0.00464256,0.00192406,0.00245267,0.01212509,0.01412804,0.00267674,0.00055342,0.00119807,0.00126733,0.0070006,0.01660793,0.0045225,0.00081991,0.01269694,0.03444873,0.01774296,0.0016023,0.00620188,0.00559522,0.00403971,0.01499985,0.00490932,0.00079722,0.01128,0.0161261,0.01524183,0.03411729,0.05110741,0.00104566,0.00453757,0.00209535,0.00179873,0.00369596,0.00101527,0.00797091,0.00329748,0.01405935,0.01628978,0.01057959,0.00408019,0.00990243,0.01553294,0,0.008279119999999999
0.00532034,0.00238013,0.0113187,0.00692026,0.00202091,0.02714006,0.06050984,0.02525799,0.00510382,0.0050679,0.00302284,0.00062951,0.0101106,0.00589637,0.00670877,0.00774909,0.00435188,0.00489623,0.00662415,0.0018957,0.01145231,0.00263757,0.00395536,0.00238312,0.00442884,0.00244766,0.00389133,0.00067194,0.007938829999999999,0.00697008,0.01005912,0.00434173,0.00935771,0.02396698,0.01301627,0.01823428,0.00369753,0.00321342,0.009464830000000001,0.00494599,0.00222185,0.00716687,0.008141499999999999,0.01123836,0.01577267,0.0171162,0.01755379,0.01138634,0.02158169,0.01226415,0.01589972,0.00876941,0.01806913,0.0120575,0.01605624,0.008257260000000001,0.00689079,0.00691824,0.00532371,0.01587711,0.02657667,0.01313861,0.01851504,0.01665792,0.00995031,0.02688714,0.03778952,0.01266745,0.01124024,0.00258551,0.01373086,0.01251536,0.02335321,0.00247449,0.00020818,0.00126291,0.00980816,0.00476178,0.07547115,0.04395425,0.01777735,0.00824165,0.01089579,0.01209266,0.02737066,0.009856759999999999,0.02162187,0.00522602,0.01111483,0.01068103,0.00682339,0.00143472,0.02963045,0.00671834,0.03047276,0.01054288,0.00176867,0.00267747,0.00317422,0.00708628,0,0.01281468
0.01961355,0.01019447,0.02811924,0.01605611,0.00837801,0.04275672,0.09339996,0.03345504,0.00637911,0.00750893,0.00723185,0.00337479,0.00817038,0.00622546,0.02192364,0.00371361,0.00715943,0.00382116,0.00594879,0.01112877,0.02270985,0.00773768,0.01523583,0.00819607,0.00974506,0.00592905,0.00540367,0.00212938,0.01185248,0.008701789999999999,0.01478427,0.00453297,0.02118487,0.02281363,0.01136028,0.01940494,0.01136324,0.00402766,0.02488918,0.00297699,0.0131699,0.01048617,0.01796294,0.01013749,0.01131879,0.00652373,0.00720224,0.01285494,0.00725958,0.007857050000000001,0.00587226,0.00727206,0.008549589999999999,0.00558314,0.02375767,0.00911844,0.00337074,0.00347682,0.00505389,0.00244639,0.00437438,0.00597014,0.01045667,0.0068596,0.01523392,0.0134494,0.01338419,0.04964562,0.00686813,0.02590929,0.02559538,0.0062737,0.00451552,0.0017773,0.00042509,0.00311693,0.05191175,0.00225118,0.01936619,0.04699245,0.01064864,0.009012249999999999,0.00666215,0.01022311,0.01167858,0.0056007,0.00718784,0.00588179,0.01592864,0.00447428,0.01148046,0.00295311,0.10153994,0.00549677,0.00526052,0.01682324,0.00417536,0.00614187,0.01042015,0.0089818,0,0.01197939
0.00029657,0.00046658,0.00934196,1.813e-005,0.00400579,0.01156789,0.01550176,0.02585162,0.00803953,0.00458248,0.00348812,0.008201500000000001,0.00669717,0.01868917,0.00193943,0.01399753,0.00434204,0.01317447,0.02713193,0.00624257,0.01459497,0.00341489,0.00673182,0.00653302,0.00630847,0.01558758,0.00872909,0.00048692,0.00282389,0.01208509,0.01358566,0.009068039999999999,0.02234479,0.02103523,0.00462725,0.01484316,0.00290356,0.00292955,0.01238672,0.00283906,0.00709617,0.00638693,0.01159769,0.00989284,0.01453672,0.01393523,0.01158282,0.0104177,0.01460464,0.02194393,0.01656496,0.0161637,0.0115521,0.01409773,0.01769302,0.01329238,0.01209603,0.009686810000000001,0.0110295,0.00798201,0.01396238,0.01762111,0.0078304,0.05819327,0.01743322,0.07293392,0.03249204,0.02021711,0.01348953,0.05614584,0.02302493,0.03703783,0.05193332,0.07038119,0.008789419999999999,0.01919614,0.01005211,0.00612173,0.0103102,0.02051021,0.03834552,0.08656367,0.05888824,0.05531166,0.11892668,0.01087063,0.02881318,0.0191721,0.05825545,0.03069861,0.0549396,0.03616547,0.03153197,0.01129576,0.06229597,0.0247,0.01095001,0.00904784,0.01829856,0.01254039,0,0.01587194
0,0,0,0,0,0,0,0,0,0,0,0,0,0,0,0,0,0,0,0,0,0,0,0,0,0,0,0,0,0,0,0,0,0,0,0,0,0,0,0,0,0,0,0,0,0,0,0,0,0,0,0,0,0,0,0,0,0,0,0,0,0,0.00080067,0,0,0,0,0,0,0,0,1.166e-005,0,0,0,0,0,0,0,0,0,0,9.280000000000001e-005,0.0558657,0,0.02413687,0,9.205e-005,0,0,0,0.00347252,0,0,0,0.01719251,0.00023357,0.00182464,0,0.00151914,0,0.00054738
0,0,0,0,0,0,0,0,0,0,0,0,0,0,0,0,0,0,0,0,0,0,0,0,0,0,0,0,0,0,0,0,0,0,0,0,0,0,0,0,0,0,0,0,0,0,0,0,0,0,0,0,0,0,0,0,0,0,0,0,0,0,0,0,0,0,0,0,0,0,0,0,0,0,0,0,0,0,0,0,0,0,0,0,0,0,0,0,0,0,0,0,0,0,0,0,0,0,0,0,0,0
0,0,0,0,0,0,0,0,0,0,0,0,0,0,0,0,0,0,0,0,0,0,0,0,0,0,0,0,0,0,0,0,0,0,0,0,0,0,0,0,0,0,0,0,0,0,0,0,0,0,0,0,0,0,0,0,0,0,0,0,0,0,0,0,0,0,0,0,0,0,0,0,0,0,0,0,0,0,0,0,0,0,0,0,0,0,0,0,0,0,0,0,0,0,0,0,0,0,0,0,0,0
9.4e-007,0,0.00080798,7.09e-006,4.72e-005,4.449e-005,5.099e-005,4.066e-005,4.484e-005,4.872e-005,3.734e-005,2.713e-005,7.269e-005,7.224999999999999e-005,6.785e-005,4.793e-005,6.645e-005,5.317e-005,5.4e-005,4.844e-005,6.064e-005,3.931e-005,5.107e-005,6.369e-005,7.059e-005,7.190999999999999e-005,5.162e-005,1.276e-005,3.13e-005,5.068e-005,4.632e-005,5.254e-005,5.493e-005,6.904e-005,9.541e-005,5.488e-005,4.669e-005,4.873e-005,5.945e-005,4.648e-005,6.875e-005,6.702000000000001e-005,6.526e-005,5.057e-005,4.977e-005,4.815e-005,5.027e-005,5.252e-005,6.491e-005,3.315e-005,7.573e-005,4.98e-005,5.989e-005,4.944e-005,0.00010092,8.423e-005,4.685e-005,3.32e-005,4.772e-005,4.797e-005,3.955e-005,3.68e-005,5.305e-005,1.247e-005,2.347e-005,0.00011527,4.627e-005,7.996e-005,1.002e-005,4.607e-005,5.336e-005,6.267e-005,8.470999999999999e-005,5.467e-005,5.14e-006,0.00123689,0.00017764,0.00010788,0.00034494,0.00013663,3.991e-005,4.773e-005,0.00035921,0.00048118,6.982000000000001e-005,0.00018132,0.00012492,0.00010994,5.208e-005,0.01305884,5.765e-005,0.00061354,4.926e-005,4.21e-005,4.099e-005,8.258999999999999e-005,0.00313956,0.01084258,0.02335064,0.00037565,0,0.00241098
1.677e-005,0,0.00162634,0.00027902,0.00135514,0.00035594,0.00016919,7.319e-005,7.842e-005,7.477e-005,7.755e-005,6.401000000000001e-005,0.00011829,0.00014318,9.18e-005,0.00010329,0.00010383,7.99e-005,0.00010292,0.00010334,0.00013413,9.435e-005,0.00010032,0.00012669,9.681e-005,8.169e-005,0.00010472,1.034e-005,6.499999999999999e-005,7.033e-005,0.0001073,9.457e-005,9.233000000000001e-005,8.538e-005,0.00013493,9.05e-005,7.096e-005,7.057e-005,8.838e-005,9.245e-005,0.0001087,0.0001101,7.446e-005,0.00010037,9.331999999999999e-005,9.466000000000001e-005,9.925e-005,0.00014681,0.00019516,9.681e-005,0.00015174,8.111e-005,0.00012946,8.23e-005,0.00013296,0.00011532,5.683e-005,6.03e-005,8.042000000000001e-005,5.904e-005,0.00010401,7.495000000000001e-005,0.00011259,0.0004363,0.00020143,0.00047075,0.00066146,6.931e-005,7.533e-005,0.00028696,0,0.00091026,0.00017542,0.00280285,0.00045649,0.00018673,0.00034724,0.00017699,0.00022287,0.0003245,0.00028685,0.0003416,0.00039318,0.00321659,0.00192426,0.00351017,0.00043899,0.00038731,0.00233993,0.00052311,0.00334809,0.00186056,0.00101126,0.00058807,0.00140869,0.00276717,0.00042546,0.0023428,0.00181646,0.00925459,0,0.0004832
0.00015832,0.00024171,0.00208393,0.00106405,0.00107877,0.00173518,0.00128863,0.00075628,0.00085153,0.00033564,0.00023407,1.823e-005,0.00091785,0.00119434,0.00043945,0.00112921,0.00062341,0.00077439,0.0009709500000000001,0.00041983,0.00065628,7.486e-005,0.0003588,0.00039308,0.00071192,0.0005359,0.00069452,1.557e-005,0.00013241,0.00054132,0.00058781,0.00164549,0.00117161,0.00076612,0.00267413,0.00125415,0.00015669,0.00019096,0.00084121,0.00076861,0.00033075,0.0005342600000000001,0.00105471,0.00109997,0.0011811,0.00136372,0.00118486,0.00086585,0.00111702,0.00213424,0.00121553,0.00121742,0.00168522,0.00064105,0.00179092,0.00116192,0.00015429,0.00023535,0.00054484,0.00060842,0.00138266,0.00090768,0.0009931899999999999,0.00027159,3.926e-005,0.00069116,0.00025263,0.00063548,0.00197733,0.00074329,0.00322414,0.00354827,0.00361343,0.00137857,8.497e-005,0.00168382,0.00165142,0.00149348,0.00088241,0.00586955,0.00225277,0.00254521,0.00201929,0.00239423,0.00109033,0.00174465,0.00191923,0.00160309,0.00693584,0.00239209,0.00415216,0.00100184,0.00072627,0.00112765,0.00181188,0.00163101,0.00090505,0.002382,0.00377797,0.00371858,0,0.00029848
0.0162919,0.00034672,0.03126358,0.02308672,0.00468398,0.02553835,0.00709672,0.01961438,0.00435546,0.00377068,0.00495502,0.01548564,0.00226992,0.005158,0.00916668,0.00133869,0.00661951,0.00485718,0.00406232,0.00022283,0.00279216,0.00010016,0.00091877,0.00112205,0.00850474,0.00263542,0.00116088,0.00013717,0.00308229,0.00343671,0.00389409,0.02025021,0.00727569,0.0099933,0.008476249999999999,0.0075004,0.00471718,0.00272464,0.01111622,0.0080789,0.00372971,0.00378827,0.00183188,0.00480815,0.00811579,0.00547237,0.00400033,0.00439978,0.00304984,0.00178431,0.00439929,0.00353719,0.00160146,0.00197667,0.00106696,0.0008322,0.00032261,0.00205958,0.00056746,0.00248123,0.00426787,0.00186344,0.00299765,0.0060461,0.00375385,0.00948766,0.01597998,0.00317315,0.00215357,0.0092339,0.00480499,0.00608274,0.00264495,0.008277690000000001,0.00285756,0.00991161,0.00462726,0.00530666,0.00692218,0.01216987,0.00466254,0.00935092,0.01741137,0.02063789,0.00285479,0.00637735,0.00040362,0.00659319,0.02701504,0.00320834,0.00249392,0.00648663,0.00463759,0.00358066,0.00374777,0.00059561,0.00560434,0.00074239,0.00352242,0.00088015,0,0
